DateTime,PnL,Cumulative_PnL,Total_Balance,Cumulative_Return_Pct
2020-01-31,297.714,297.714,10297.714,2.9771399999999995
2020-02-29,0.0,297.714,10297.714,2.9771399999999995
2020-03-31,4697.708,4995.422,14995.421999999999,49.954219999999985
2020-04-30,264.5686,5259.990599999999,15259.9906,52.599906
2020-05-31,136.57129999999998,5396.561899999999,15396.561899999999,53.96561899999999
2020-06-30,-169.71699999999998,5226.844899999999,15226.8449,52.268449000000004
2020-07-31,-231.429,4995.415899999999,14995.4159,49.954159
2020-08-31,137.71426,5133.130159999999,15133.130159999999,51.33130159999999
2020-09-30,161.71399999999997,5294.844159999999,15294.844159999999,52.94844159999998
2020-10-31,74.85716,5369.701319999998,15369.701319999998,53.69701319999999
2020-11-30,71.42800000000003,5441.129319999998,15441.129319999998,54.411293199999974
2020-12-31,474.85699999999997,5915.986319999998,15915.986319999998,59.15986319999998
2021-01-31,0.0,5915.986319999998,15915.986319999998,59.15986319999998
2021-02-28,-203.429,5712.557319999998,15712.557319999998,57.12557319999998
2021-03-31,298.2854,6010.842719999998,16010.842719999997,60.10842719999997
2021-04-30,0.0,6010.842719999998,16010.842719999997,60.10842719999997
2021-05-31,921.143,6931.985719999998,16931.985719999997,69.31985719999997
2021-06-30,316.0,7247.985719999998,17247.985719999997,72.47985719999997
2021-07-31,82.8571,7330.842819999998,17330.842819999998,73.30842819999998
2021-08-31,106.857,7437.699819999998,17437.699819999998,74.37699819999997
2021-09-30,142.857,7580.556819999998,17580.556819999998,75.80556819999998
2021-10-31,0.0,7580.556819999998,17580.556819999998,75.80556819999998
2021-11-30,0.0,7580.556819999998,17580.556819999998,75.80556819999998
2021-12-31,0.0,7580.556819999998,17580.556819999998,75.80556819999998
2022-01-31,0.0,7580.556819999998,17580.556819999998,75.80556819999998
2022-02-28,285.71399999999994,7866.270819999998,17866.270819999998,78.66270819999997
2022-03-31,191.4281,8057.698919999998,18057.69892,80.5769892
2022-04-30,-108.5726,7949.126319999998,17949.126319999996,79.49126319999996
2022-05-31,59.999000000000024,8009.125319999997,18009.12532,80.09125319999998
2022-06-30,1174.286,9183.411319999997,19183.41132,91.83411319999999
2022-07-31,606.2840000000001,9789.695319999997,19789.69532,97.8969532
2022-08-31,1722.2837,11511.979019999997,21511.97902,115.11979019999998
2022-09-30,3415.42,14927.399019999997,24927.399019999997,149.27399019999996
2022-10-31,3135.99294,18063.391959999997,28063.391959999997,180.63391959999996
2022-11-30,2987.4193,21050.81126,31050.81126,210.5081126
2022-12-31,5459.9947,26510.805959999998,36510.80596,265.1080596
2023-01-31,-709.72129,25801.084669999997,35801.08467,258.01084669999995
2023-02-28,1512.5636,27313.648269999998,37313.64827,273.1364827
2023-03-31,5648.5671,32962.21537,42962.21537,329.62215369999996
2023-04-30,-738.8625999999999,32223.352769999998,42223.35277,322.23352769999997
2023-05-31,2578.2823,34801.63507,44801.63507,348.0163507
2023-06-30,-2147.4363000000003,32654.198769999995,42654.198769999995,326.54198769999994
2023-07-31,1049.1397,33703.338469999995,43703.338469999995,337.03338469999994
2023-08-31,707.994929,34411.333398999996,44411.333398999996,344.11333398999994
2023-09-30,1565.1398199999999,35976.47321899999,45976.47321899999,359.76473218999996
2023-10-31,761.1370999999999,36737.61031899999,46737.61031899999,367.3761031899999
2023-11-30,2038.2811000000002,38775.89141899999,48775.89141899999,387.7589141899999
2023-12-31,-450.29271000000006,38325.59870899999,48325.59870899999,383.2559870899999
2024-01-31,3170.8534,41496.45210899999,51496.45210899999,414.96452108999995
2024-02-29,-12.575300000000084,41483.876808999994,51483.876808999994,414.8387680899999
2024-03-31,1370.28111,42854.15791899999,52854.15791899999,428.54157918999994
2024-04-30,699.42333,43553.58124899999,53553.58124899999,435.53581248999984
2024-05-31,953.71237,44507.29361899999,54507.29361899999,445.0729361899999
2024-06-30,1379.42469,45886.71830899999,55886.71830899999,458.8671830899999
2024-07-31,1428.5671,47315.28540899999,57315.28540899999,473.15285408999983
2024-08-31,2414.853,49730.13840899999,59730.13840899999,497.30138408999994
2024-09-30,3869.712,53599.85040899999,63599.85040899999,535.9985040899999
2024-10-31,-116.006,53483.84440899999,63483.84440899999,534.8384440899999
2024-11-30,1367.4227,54851.26710899999,64851.26710899999,548.5126710899999
2024-12-31,1909.7132,56760.98030899999,66760.98030899999,567.6098030899999
2025-01-31,-885.1486900000001,55875.83161899999,65875.83161899999,558.7583161899998
2025-02-28,2065.1371,57940.96871899999,67940.968719,579.40968719
2025-03-31,1883.9954,59824.96411899999,69824.96411899998,598.2496411899998
2025-04-30,2398.2819999999997,62223.24611899999,72223.24611899999,622.2324611899999
2025-05-31,2219.9962,64443.24231899999,74443.24231899998,644.4324231899999
2025-06-30,3905.138,68348.38031899999,78348.38031899999,683.4838031899999
2025-07-31,1201.70994,69550.09025899999,79550.09025899999,695.5009025899999
2025-08-31,-242.86220000000003,69307.22805899999,79307.22805899999,693.0722805899999
2025-09-30,2770.8538,72078.08185899998,82078.08185899998,720.7808185899999
2025-10-31,3811.4243109999998,75889.50616999998,85889.50616999998,758.8950616999998
2025-11-30,3150.2826,79039.78876999998,89039.78876999998,790.3978876999998
2025-12-31,996.5658000000001,80036.35456999998,90036.35456999998,800.3635456999998
2026-01-31,1489.1392,81525.49376999999,91525.49376999999,815.2549376999998
2026-02-28,992.5684,82518.06216999999,92518.06216999999,825.1806216999998
2026-03-31,982.282,83500.34417,93500.34417,835.0034416999999
2026-04-30,-910.8635999999999,82589.48057,92589.48057,825.8948057
2026-05-31,-1447.43387,81142.0467,91142.0467,811.4204670000001
2026-06-30,-3268.57965,77873.46705,87873.46705,778.7346705000001
2026-07-31,-98.2921200000001,77775.17493000001,87775.17493000001,777.7517493
2026-08-31,199.42309999999995,77974.59803000001,87974.59803000001,779.7459803
