Timestamp,Symbol,Outcome,PnL_USD,BalanceAfter
1578052500,GBPUSD,WIN,834.286,10834.3
1578474000,GBPUSD,LOSS,-508.571,10325.7
1578570000,GBPUSD,WIN,857.143,11182.9
1578637200,GBPUSD,LOSS,-508.571,10674.3
1578979500,GBPUSD,LOSS,-508.571,10165.7
1579760100,USDCAD,WIN,744.286,10401.4
1579772400,GBPUSD,LOSS,-508.571,9657.14
1581604500,GBPUSD,WIN,848.571,11250
1582356900,GBPUSD,WIN,571.429,11821.4
1583217300,GBPUSD,WIN,271.429,12092.9
1583225400,USDCHF,WIN,128.571,12221.4
1583322600,USDCAD,WIN,360,12581.4
1583437500,USDCHF,WIN,784.286,13365.7
1583712000,GBPUSD,WIN,847.143,14212.9
1583760000,GBPUSD,LOSS,-508.571,13704.3
1583812800,GBPUSD,LOSS,-508.571,13195.7
1583861700,USDCAD,WIN,672.857,13868.6
1583970600,USDCAD,WIN,838.571,14707.1
1584028500,USDCHF,WIN,357.143,15064.3
1584448800,GBPUSD,WIN,811.429,15875.7
1584540300,GBPUSD,WIN,800,16675.7
1584553200,USDCAD,WIN,802.857,17478.6
1584561300,USDCAD,WIN,815.714,18294.3
1584572100,USDCHF,LOSS,-508.571,17785.7
1584723900,GBPUSD,WIN,691.429,18477.1
1584976500,USDCHF,LOSS,-508.571,17968.6
1585053300,GBPUSD,WIN,792.857,18761.4
1585070700,USDCHF,LOSS,-508.571,18252.9
1585093800,USDCAD,LOSS,-508.571,17744.3
1585136400,GBPUSD,WIN,640,18384.3
1585238700,GBPUSD,WIN,454.286,18838.6
1585243800,USDCAD,WIN,520,20240
1585252200,USDCHF,WIN,881.429,19720
1585322100,GBPUSD,WIN,420,20660
1585660800,USDCAD,WIN,787.143,21447.1
1585672800,USDCAD,WIN,618.571,22065.7
1585745700,USDCAD,WIN,861.429,22418.6
1585758900,GBPUSD,LOSS,-508.571,21557.1
1585935600,GBPUSD,WIN,721.429,23140
1585996500,USDCHF,LOSS,-508.571,22631.4
1586195700,GBPUSD,LOSS,-508.571,22122.9
1586211000,GBPUSD,LOSS,-508.571,21607.1
1586251800,USDCHF,LOSS,-7.14286,22115.7
1586428500,GBPUSD,WIN,225.714,21832.9
1586432700,GBPUSD,LOSS,-508.571,21324.3
1586453100,USDCAD,WIN,732.857,22057.1
1586897400,GBPUSD,WIN,791.429,22848.6
1587136500,GBPUSD,LOSS,-508.571,22340
1587371700,USDCAD,LOSS,-508.571,21831.4
1587426300,USDCAD,WIN,874.286,22705.7
1588334400,USDCHF,WIN,154.286,22860
1588555200,GBPUSD,WIN,838.571,23698.6
1588656900,GBPUSD,LOSS,-508.571,23190
1588680300,USDCHF,WIN,864.286,24054.3
1589564700,GBPUSD,WIN,695.714,24750
1590135000,USDCAD,WIN,888.571,25638.6
1590524400,USDCAD,WIN,848.571,26487.1
1590793200,USDCAD,LOSS,-508.571,26018.6
1590835800,USDCHF,WIN,40,26527.1
1591347600,GBPUSD,WIN,894.286,26912.9
1591374900,USDCAD,WIN,707.143,27620
1591436400,USDCAD,WIN,30,27650
1591697700,USDCAD,WIN,487.143,28137.1
1591720500,GBPUSD,LOSS,-508.571,27628.6
1591898400,USDCAD,WIN,838.571,28467.1
1591983000,GBPUSD,WIN,895.714,29362.9
1592329800,USDCAD,LOSS,-508.571,28854.3
1592989800,GBPUSD,WIN,651.429,29505.7
1593020700,GBPUSD,WIN,821.429,30327.1
1593605700,GBPUSD,WIN,438.571,30765.7
1593624600,GBPUSD,WIN,835.714,31601.4
1594285200,GBPUSD,WIN,775.714,32377.1
1594917900,GBPUSD,LOSS,-508.571,31868.6
1595062800,GBPUSD,LOSS,-508.571,31360
1595312700,GBPUSD,WIN,811.429,32171.4
1595346000,USDCAD,WIN,825.714,32997.1
1595934900,USDCAD,WIN,371.429,33368.6
1596223800,GBPUSD,LOSS,-508.571,32860
1596771300,GBPUSD,WIN,2.85714,32862.9
1597487700,USDCAD,WIN,32.8571,32895.7
1597768500,GBPUSD,WIN,828.571,33724.3
1597831800,GBPUSD,WIN,214.286,33938.6
1597871100,GBPUSD,WIN,922.857,34861.4
1598091300,GBPUSD,WIN,127.143,34988.6
1598636700,GBPUSD,WIN,822.857,35811.4
1598957400,GBPUSD,WIN,842.857,36654.3
1598969100,GBPUSD,WIN,795.714,37450
1599220500,GBPUSD,LOSS,-508.571,36941.4
1600709100,GBPUSD,WIN,912.857,37854.3
1600863300,GBPUSD,LOSS,-508.571,37345.7
1601963700,GBPUSD,WIN,460,37805.7
1602264600,GBPUSD,WIN,668.571,38474.3
1602322500,USDCAD,WIN,245.714,38720
1602622800,GBPUSD,WIN,782.857,39502.9
1603365300,GBPUSD,WIN,22.8571,39525.7
1603367400,GBPUSD,LOSS,-508.571,39017.1
1603536900,GBPUSD,WIN,164.286,39181.4
1604455800,USDCAD,WIN,851.429,40032.9
1604586000,GBPUSD,WIN,687.143,40720
1604653200,USDCAD,WIN,237.143,40957.1
1605071400,GBPUSD,LOSS,-8.57143,40948.6
1605267000,GBPUSD,WIN,240,41188.6
1606154100,GBPUSD,LOSS,-508.571,40680
1606751400,GBPUSD,LOSS,-508.571,40171.4
1606953300,GBPUSD,LOSS,-508.571,39662.9
1607098500,GBPUSD,WIN,835.714,40498.6
1607439600,GBPUSD,WIN,780,41278.6
1608112200,GBPUSD,WIN,832.857,42111.4
1608126000,GBPUSD,WIN,588.571,42700
1608751800,GBPUSD,LOSS,-508.571,42191.4
1609844400,GBPUSD,WIN,440,42631.4
1609939200,GBPUSD,WIN,7.14286,42638.6
1610561400,GBPUSD,LOSS,-508.571,42130
1611747000,GBPUSD,WIN,154.286,42284.3
1611851400,GBPUSD,LOSS,-508.571,41775.7
1613490900,GBPUSD,LOSS,-508.571,41267.1
1613964000,GBPUSD,WIN,778.571,42045.7
1614021600,GBPUSD,WIN,828.571,42874.3
1614173700,GBPUSD,LOSS,-508.571,42365.7
1614333600,GBPUSD,WIN,921.429,43287.1
1614660600,GBPUSD,WIN,714.286,44001.4
1615257900,GBPUSD,WIN,31.4286,44032.9
1615781700,GBPUSD,LOSS,-508.571,43524.3
1615968900,USDCHF,LOSS,-508.571,43015.7
1616757300,USDCAD,WIN,151.429,43167.1
1617185700,GBPUSD,WIN,22.8571,43190
1617947700,GBPUSD,LOSS,-508.571,42681.4
1617960600,GBPUSD,WIN,865.714,43547.1
1617961200,GBPUSD,WIN,882.857,44430
1618481100,GBPUSD,WIN,155.714,44585.7
1619577900,GBPUSD,LOSS,-508.571,44077.1
1619747700,GBPUSD,LOSS,-508.571,43568.6
1621307700,GBPUSD,WIN,851.429,44420
1622191200,GBPUSD,WIN,240,44660
1623945300,GBPUSD,WIN,838.571,45498.6
1624002600,GBPUSD,WIN,705.714,46204.3
1625813700,GBPUSD,WIN,90,46294.3
1626776700,USDCAD,WIN,207.143,46501.4
1628327400,USDCAD,WIN,455.714,46957.1
1628676300,GBPUSD,WIN,221.429,47178.6
1629221700,GBPUSD,WIN,904.286,48082.9
1630146900,GBPUSD,WIN,267.143,48350
1630747200,GBPUSD,WIN,650,49000
1631792100,USDCAD,WIN,257.143,49257.1
1632462600,USDCAD,WIN,267.143,49524.3
1632909900,GBPUSD,WIN,41.4286,49565.7
1632999900,GBPUSD,WIN,222.857,49788.6
1633022700,USDCAD,LOSS,-508.571,49280
1633942800,USDCAD,WIN,831.429,50111.4
1635530100,GBPUSD,WIN,898.571,51010
1636574700,GBPUSD,WIN,930,51940
1640056500,USDCAD,WIN,65.7143,52005.7
1642848600,USDCAD,WIN,514.286,52520
1643804400,GBPUSD,WIN,317.143,52837.1
1644054300,GBPUSD,LOSS,-508.571,51820
1644223800,USDCAD,LOSS,-508.571,52328.6
1644654300,GBPUSD,WIN,378.571,52198.6
1644898500,USDCAD,LOSS,-508.571,51690
1645115400,GBPUSD,WIN,831.429,52521.4
1645176900,GBPUSD,WIN,100,52621.4
1646223300,GBPUSD,LOSS,-508.571,52112.9
1646395800,GBPUSD,LOSS,-508.571,51604.3
1646742600,GBPUSD,WIN,160,51764.3
1646826900,USDCHF,LOSS,-508.571,51255.7
1646826900,USDCAD,WIN,167.143,51422.9
1647031800,GBPUSD,WIN,870,52292.9
1649298900,USDCAD,WIN,935.714,53228.6
1650620400,GBPUSD,WIN,901.429,54130
1651175100,USDCAD,LOSS,-508.571,53621.4
1651219800,GBPUSD,LOSS,-508.571,53112.9
1651657800,USDCAD,LOSS,-508.571,52604.3
1651759500,GBPUSD,LOSS,-508.571,52095.7
1651774800,GBPUSD,WIN,831.429,52927.1
1652386500,USDCHF,WIN,804.286,53731.4
1652861400,GBPUSD,LOSS,-1.42857,53730
1652861400,USDCHF,WIN,22.8571,53752.9
1653388200,GBPUSD,WIN,80,53832.9
1655124300,GBPUSD,WIN,844.286,54677.1
1655142600,USDCHF,WIN,860,55537.1
1655226300,GBPUSD,WIN,818.571,56355.7
1655381700,USDCHF,WIN,818.571,57174.3
1655403000,GBPUSD,WIN,745.714,57920
1655482200,GBPUSD,LOSS,-508.571,57411.4
1655870100,USDCHF,LOSS,-508.571,56902.9
1655919300,USDCAD,LOSS,-508.571,56394.3
1656067800,USDCAD,WIN,565.714,56960
1656521700,GBPUSD,WIN,761.429,57721.4
1656648900,USDCHF,WIN,332.857,58054.3
1657044300,GBPUSD,WIN,797.143,58851.4
1657174500,USDCAD,LOSS,-508.571,58342.9
1657643400,GBPUSD,LOSS,-508.571,57834.3
1657766100,GBPUSD,LOSS,-508.571,56817.1
1657769700,USDCAD,LOSS,-508.571,57325.7
1657816200,GBPUSD,WIN,770,57587.1
1658117700,USDCAD,WIN,795.714,58382.9
1658177700,USDCAD,LOSS,-508.571,57874.3
1658297400,GBPUSD,LOSS,-508.571,57365.7
1658310300,GBPUSD,LOSS,-508.571,56857.1
1658498400,USDJPY,WIN,621.429,57478.6
1658821500,GBPUSD,LOSS,-508.571,56970
1658917500,USDCAD,WIN,305.714,57275.7
1658958000,GBPUSD,WIN,682.857,57958.6
1659077400,USDCHF,WIN,788.571,58747.1
1659114000,USDJPY,WIN,268.571,59015.7
1659513600,USDJPY,WIN,332.857,59348.6
1659996000,USDJPY,WIN,404.286,59752.9
1660154100,GBPUSD,WIN,930,60682.9
1660275000,GBPUSD,LOSS,-508.571,60174.3
1660849200,USDJPY,WIN,545.714,60720
1660852200,GBPUSD,WIN,752.857,61472.9
1661191200,USDJPY,WIN,614.286,62087.1
1661336400,GBPUSD,LOSS,-508.571,61578.6
1661414400,USDJPY,WIN,271.429,61850
1661536800,USDJPY,LOSS,-508.571,61341.4
1661878800,USDJPY,WIN,611.429,61952.9
1661944500,USDCAD,WIN,175.714,62128.6
1661944500,GBPUSD,WIN,25.7143,62154.3
1662051600,USDJPY,WIN,827.143,62981.4
1662133200,USDJPY,WIN,430,63411.4
1662210000,USDJPY,WIN,27.1429,63438.6
1662480300,GBPUSD,LOSS,-508.571,62930
1662492900,USDJPY,WIN,772.857,63702.9
1663020900,USDJPY,LOSS,-508.571,63194.3
1663082700,USDJPY,WIN,820,64014.3
1663102800,GBPUSD,WIN,814.286,64828.6
1663218900,USDJPY,LOSS,-508.571,64320
1663280100,USDCAD,WIN,822.857,65142.9
1663583100,USDJPY,LOSS,-508.571,64634.3
1663642800,USDJPY,LOSS,-508.571,64125.7
1663927200,GBPUSD,WIN,922.857,65101.4
1663927800,USDCAD,WIN,52.8571,64178.6
1663936800,GBPUSD,WIN,678.571,65780
1663970100,USDCAD,WIN,914.286,66694.3
1664163900,USDJPY,WIN,877.143,67571.4
1664200500,USDJPY,WIN,634.286,68205.7
1664247000,USDCAD,LOSS,-508.571,67188.6
1664274000,USDJPY,LOSS,-508.571,67697.1
1664356800,USDJPY,WIN,301.429,67490
1664360700,USDJPY,WIN,60,67550
1664364300,USDJPY,WIN,230,67780
1664388300,USDCHF,WIN,804.286,68075.7
1664391000,USDJPY,LOSS,-508.571,67271.4
1664496000,USDCHF,WIN,875.714,68951.4
1664796600,GBPUSD,WIN,704.286,69147.1
1664820600,USDJPY,LOSS,-508.571,68442.9
1664821500,USDCHF,WIN,945.714,70092.9
1664968800,USDJPY,LOSS,-508.571,69584.3
1665057600,USDCAD,WIN,858.571,70442.9
1665077400,GBPUSD,WIN,750,71192.9
1665141300,USDCAD,WIN,307.143,71500
1665146400,USDJPY,WIN,232.857,71732.9
1665180000,GBPUSD,WIN,791.429,72298.6
1665191700,USDJPY,LOSS,-508.571,71224.3
1665224700,USDJPY,WIN,282.857,71507.1
1665423900,GBPUSD,WIN,668.571,72967.1
1665472200,USDJPY,WIN,335.714,73302.9
1665498000,GBPUSD,LOSS,-508.571,72794.3
1665525000,USDCAD,LOSS,-508.571,72285.7
1665643200,USDJPY,WIN,517.143,72802.9
1665671400,GBPUSD,WIN,830,73632.9
1665678300,USDJPY,LOSS,-508.571,73124.3
1665766800,USDJPY,WIN,897.143,74021.4
1665767700,USDJPY,WIN,681.429,74702.9
1665767700,USDJPY,WIN,867.143,75570
1665814200,USDCHF,WIN,411.429,75981.4
1665828900,USDCHF,WIN,324.286,76305.7
1665840000,USDJPY,LOSS,-508.571,75288.6
1665985200,USDCAD,LOSS,-508.571,75797.1
1666071900,USDJPY,WIN,130,75418.6
1666077300,USDCAD,WIN,782.857,76452.9
1666085700,USDCHF,WIN,251.429,75670
1666092600,USDJPY,WIN,440,76892.9
1666188600,GBPUSD,WIN,781.429,77674.3
1666236600,USDJPY,WIN,447.143,78121.4
1666251300,GBPUSD,WIN,318.571,78440
1666265700,USDCAD,LOSS,-508.571,77931.4
1666288500,USDJPY,LOSS,-508.571,77422.9
1666373700,USDJPY,LOSS,-508.571,76914.3
1666632000,USDCAD,LOSS,-508.571,76405.7
1666779900,GBPUSD,WIN,820,77225.7
1666869900,USDCAD,LOSS,-508.571,76717.1
1667031000,USDCAD,WIN,278.571,76995.7
1667277300,USDJPY,LOSS,-508.571,76487.1
1667292900,USDJPY,LOSS,-508.571,75470
1667294100,GBPUSD,LOSS,-508.571,75978.6
1667322000,USDJPY,LOSS,-508.571,74961.4
1667422800,USDJPY,WIN,887.143,75848.6
1667575800,GBPUSD,WIN,750,76598.6
1667581800,USDCAD,WIN,661.429,77260
1667889900,USDJPY,WIN,297.143,77557.1
1667906400,USDCAD,WIN,91.4286,77648.6
1667910900,USDCAD,WIN,47.1429,77695.7
1668009000,GBPUSD,WIN,770,78465.7
1668015000,GBPUSD,WIN,681.429,79147.1
1668025800,GBPUSD,WIN,927.143,80715.7
1668028200,USDJPY,WIN,641.429,79788.6
1668094200,GBPUSD,LOSS,-508.571,80207.1
1668121500,GBPUSD,WIN,887.143,81094.3
1668173700,USDCHF,WIN,847.143,82814.3
1668174600,USDJPY,WIN,505.714,83320
1668178500,GBPUSD,WIN,872.857,81967.1
1668188700,USDCHF,WIN,558.571,85467.1
1668198000,USDCAD,WIN,840,84160
1668201600,USDCAD,WIN,748.571,84908.6
1668526200,GBPUSD,WIN,778.571,86245.7
1668599100,USDCAD,WIN,305.714,86551.4
1668697200,USDJPY,WIN,617.143,87168.6
1668705900,USDCAD,LOSS,-508.571,86660
1668705900,USDCAD,LOSS,-508.571,86151.4
1669092900,USDJPY,LOSS,-508.571,85642.9
1669179600,GBPUSD,WIN,214.286,85857.1
1669344000,USDJPY,LOSS,-508.571,85348.6
1669605600,USDJPY,LOSS,-508.571,84840
1669643100,USDJPY,LOSS,-508.571,84331.4
1669659900,USDCHF,LOSS,-508.571,83822.9
1669666200,GBPUSD,WIN,815.714,84638.6
1669736400,USDJPY,LOSS,-508.571,84954.3
1669739400,GBPUSD,WIN,824.286,85462.9
1669773600,USDJPY,LOSS,-508.571,84445.7
1669828200,USDJPY,WIN,805.714,85251.4
1669908600,USDJPY,WIN,890,86141.4
1669914000,USDJPY,WIN,834.286,86975.7
1670211900,USDCAD,LOSS,-508.571,86467.1
1670231400,USDJPY,LOSS,-508.571,85958.6
1670301300,USDJPY,WIN,895.714,86854.3
1670555700,USDJPY,WIN,687.143,87541.4
1670555700,GBPUSD,WIN,821.429,88362.9
1670599800,USDJPY,LOSS,-508.571,87854.3
1670600400,GBPUSD,WIN,70,87924.3
1670600700,USDJPY,WIN,261.429,88185.7
1670870400,USDJPY,WIN,842.857,89028.6
1670981100,USDJPY,LOSS,-508.571,88655.7
1671009300,USDCAD,WIN,135.714,89164.3
1671013800,USDCHF,LOSS,-508.571,88147.1
1671120900,USDCHF,LOSS,-508.571,87638.6
1671187500,USDCAD,WIN,434.286,88072.9
1671211500,USDJPY,LOSS,-508.571,87564.3
1671269100,USDCAD,WIN,318.571,87882.9
1671527400,USDJPY,WIN,587.143,88470
1671556200,USDJPY,WIN,788.571,89258.6
1671649500,GBPUSD,WIN,758.571,90017.1
1671876900,USDCHF,WIN,260,90277.1
1672262700,USDJPY,WIN,874.286,91151.4
1672376700,USDCHF,WIN,442.857,91594.3
1672395000,USDJPY,WIN,864.286,92458.6
1672825500,USDCAD,LOSS,-508.571,91950
1672890000,GBPUSD,LOSS,-508.571,91441.4
1672890600,USDCHF,LOSS,-508.571,90932.9
1673005800,GBPUSD,WIN,745.714,91678.6
1673283000,GBPUSD,WIN,831.429,92510
1673340900,GBPUSD,WIN,448.571,92958.6
1673345400,USDJPY,WIN,560,93518.6
1673537700,USDCAD,LOSS,-508.571,93010
1673537700,USDJPY,LOSS,-508.571,92501.4
1673843400,USDJPY,WIN,800,93301.4
1674039000,USDCAD,WIN,137.143,93438.6
1674058500,GBPUSD,WIN,850,94288.6
1674199200,USDJPY,LOSS,-508.571,93780
1674221700,USDJPY,WIN,604.286,94384.3
1674666300,USDJPY,WIN,847.143,95231.4
1675179000,USDJPY,LOSS,-508.571,94722.9
1675180500,USDJPY,LOSS,-508.571,93705.7
1675182300,USDCHF,LOSS,-508.571,94214.3
1675225500,GBPUSD,WIN,1.42857,93707.1
1675239000,GBPUSD,LOSS,-508.571,93198.6
1675246800,GBPUSD,LOSS,-508.571,92690
1675270800,USDJPY,WIN,898.571,93588.6
1675357500,GBPUSD,WIN,741.429,94330
1675443600,GBPUSD,WIN,772.857,95102.9
1675641600,USDJPY,WIN,904.286,96007.1
1675687800,USDJPY,WIN,717.143,96724.3
1675704900,USDCAD,WIN,867.143,97591.4
1675740600,GBPUSD,LOSS,-508.571,97082.9
1675740600,USDJPY,LOSS,-508.571,96687.1
1675760100,USDJPY,LOSS,-508.571,96574.3
1675761000,GBPUSD,WIN,621.429,97195.7
1675799100,GBPUSD,LOSS,-508.571,96178.6
1675974900,USDJPY,LOSS,-508.571,95670
1676342400,USDJPY,LOSS,-508.571,95161.4
1676342400,USDJPY,LOSS,-508.571,94652.9
1676400000,USDJPY,WIN,785.714,95438.6
1676513100,USDJPY,LOSS,-508.571,94930
1676536200,USDCHF,WIN,344.286,95274.3
1676594400,USDJPY,LOSS,-508.571,94765.7
1676962500,USDJPY,LOSS,-508.571,94257.1
1676979000,GBPUSD,LOSS,-508.571,93748.6
1677061200,USDCHF,WIN,130,93878.6
1677062400,USDCAD,WIN,478.571,94357.1
1677187800,USDJPY,LOSS,-508.571,92831.4
1677201300,USDJPY,LOSS,-508.571,93848.6
1677217500,GBPUSD,LOSS,-508.571,93340
1677319500,GBPUSD,WIN,98.5714,92930
1677604800,USDJPY,LOSS,-508.571,92421.4
1677668400,USDJPY,WIN,874.286,93295.7
1677806700,USDJPY,WIN,117.143,93412.9
1677880800,USDJPY,WIN,800,94212.9
1678182000,USDJPY,LOSS,-508.571,93704.3
1678208700,USDJPY,WIN,850,94554.3
1678240200,USDJPY,WIN,821.429,95695.7
1678276800,USDCAD,WIN,320,94874.3
1678349400,USDJPY,LOSS,-508.571,95187.1
1678361700,USDJPY,WIN,947.143,96134.3
1678449000,GBPUSD,WIN,805.714,96940
1678480800,USDCAD,LOSS,-508.571,96431.4
1678784700,USDCHF,WIN,271.429,96702.9
1678793700,GBPUSD,WIN,324.286,97027.1
1678811400,USDJPY,WIN,817.143,97844.3
1678876800,USDCAD,LOSS,-508.571,97335.7
1678902000,GBPUSD,WIN,650,99441.4
1678902300,USDCAD,WIN,732.857,98791.4
1678909200,USDCHF,WIN,722.857,98058.6
1679088300,USDJPY,WIN,747.143,100189
1679600100,USDJPY,WIN,731.429,100920
1680231900,USDJPY,WIN,887.143,101807
1680262800,USDJPY,WIN,892.857,102700
1680603900,USDCHF,WIN,25.7143,102726
1680636000,USDCHF,WIN,844.286,103570
1680855000,USDCAD,LOSS,-508.571,103061
1680922200,USDJPY,LOSS,-508.571,102553
1681305300,USDJPY,LOSS,-508.571,102044
1681465800,USDCHF,WIN,57.1429,102101
1681491600,GBPUSD,WIN,195.714,102297
1681560000,USDJPY,WIN,58.5714,102356
1681959000,USDCHF,WIN,324.286,102680
1681959300,USDJPY,WIN,404.286,103084
1682095800,USDJPY,LOSS,-508.571,102067
1682302200,GBPUSD,LOSS,-508.571,102576
1682500500,USDJPY,WIN,577.143,102644
1682568300,USDJPY,LOSS,-508.571,102136
1682964600,USDJPY,WIN,901.429,103037
1683088200,GBPUSD,WIN,191.429,103229
1683089700,USDJPY,WIN,815.714,104044
1683133500,USDJPY,WIN,658.571,105576
1683147600,USDJPY,WIN,872.857,104917
1683221100,USDJPY,WIN,872.857,106449
1683308700,USDCAD,WIN,568.571,107017
1683611400,USDJPY,LOSS,-508.571,106509
1683819000,USDJPY,WIN,635.714,107144
1684431300,USDJPY,WIN,391.429,107536
1684488000,USDJPY,LOSS,-508.571,107027
1684750500,GBPUSD,LOSS,-508.571,106519
1684808700,USDJPY,WIN,700,107219
1684903200,GBPUSD,WIN,238.571,107457
1685096700,USDCAD,WIN,72.8571,107530
1685098200,USDJPY,LOSS,-508.571,107021
1685119500,USDJPY,WIN,338.571,107360
1685160000,USDCHF,WIN,7.14286,107367
1685187600,USDJPY,LOSS,-508.571,106859
1685459100,USDJPY,WIN,842.857,107701
1685638800,GBPUSD,WIN,767.143,108469
1685707800,USDJPY,LOSS,-508.571,107960
1685984400,USDJPY,LOSS,-508.571,107451
1686160800,USDJPY,LOSS,-508.571,106943
1686210000,USDJPY,LOSS,-508.571,106434
1686238200,USDJPY,LOSS,-508.571,105926
1686324600,USDJPY,LOSS,-508.571,105417
1686738600,USDJPY,WIN,758.571,106176
1686844200,USDJPY,LOSS,-508.571,105667
1686935700,USDJPY,WIN,807.143,106474
1687242000,USDJPY,LOSS,-508.571,105966
1687335000,USDJPY,WIN,278.571,106244
1687338000,GBPUSD,LOSS,-508.571,105736
1687402200,USDJPY,LOSS,-508.571,105227
1687454700,USDJPY,WIN,785.714,105504
1687489800,USDCHF,LOSS,-508.571,104719
1687541400,USDJPY,WIN,908.571,106413
1688030700,GBPUSD,LOSS,-508.571,105904
1688030700,USDJPY,LOSS,-508.571,105396
1688089500,USDJPY,LOSS,-508.571,104887
1688119500,GBPUSD,LOSS,-5.71429,104881
1688490300,USDJPY,LOSS,-508.571,104373
1688528100,USDJPY,WIN,85.7143,104459
1688650200,GBPUSD,WIN,830,105289
1689049500,USDJPY,WIN,825.714,106114
1689131700,USDJPY,WIN,845.714,106960
1689262500,USDJPY,LOSS,-508.571,106451
1689266400,GBPUSD,WIN,844.286,107296
1689333600,USDCAD,WIN,182.857,107479
1689759600,USDJPY,WIN,905.714,108384
1689774600,USDJPY,WIN,694.286,109079
1689778500,GBPUSD,WIN,815.714,109894
1689826500,USDJPY,LOSS,-508.571,109386
1689932400,GBPUSD,WIN,187.143,109573
1690002000,USDJPY,LOSS,-508.571,109064
1690262100,GBPUSD,LOSS,-508.571,108556
1690967400,USDCAD,WIN,258.571,108814
1690972800,USDCAD,WIN,78.5714,108893
1691086500,USDJPY,WIN,845.714,109739
1691559600,USDJPY,WIN,47.1429,109786
1691573400,USDJPY,WIN,261.429,110047
1691587500,USDJPY,WIN,32.8571,110080
1691681100,USDJPY,LOSS,-508.571,109571
1691710200,USDCAD,LOSS,-508.571,109063
1691753400,USDJPY,WIN,511.429,109574
1691841600,USDCAD,WIN,185.714,110294
1691983500,USDJPY,WIN,534.286,110109
1692122400,GBPUSD,WIN,825.714,111120
1692372300,USDJPY,LOSS,-508.571,110611
1692722400,USDJPY,LOSS,-508.571,110103
1692862200,USDJPY,LOSS,-508.571,109594
1692935400,USDJPY,WIN,925.714,110520
1693047900,USDJPY,WIN,1.42857,110521
1693436100,USDJPY,LOSS,-508.571,110013
1693477800,GBPUSD,LOSS,-508.571,109504
1693539600,USDJPY,WIN,2.85714,109507
1693582200,USDJPY,WIN,875.714,110383
1693878300,USDJPY,WIN,212.857,110596
1693886700,USDJPY,WIN,34.2857,110630
1693918200,USDJPY,WIN,940,111570
1693947300,USDJPY,WIN,744.286,112314
1693989000,USDCHF,WIN,71.4286,112386
1694251500,USDCAD,WIN,21.4286,112407
1694590200,USDJPY,WIN,251.429,112659
1694664900,USDJPY,WIN,300,112959
1694673600,GBPUSD,LOSS,-508.571,112450
1694768100,USDCHF,WIN,332.857,112783
1694773500,GBPUSD,WIN,341.429,113124
1694840400,USDJPY,WIN,42.8571,113167
1695213900,USDJPY,LOSS,-508.571,112659
1695438600,USDJPY,LOSS,-8.57143,112650
1695456600,USDJPY,LOSS,-508.571,112141
1695708600,USDJPY,WIN,402.857,112544
1696413600,USDCHF,LOSS,-508.571,112036
1696416900,USDJPY,WIN,612.857,112649
1696588200,USDJPY,WIN,217.143,112866
1696652700,USDJPY,WIN,730,113596
1696666200,USDJPY,LOSS,-508.571,113087
1696680300,USDCAD,WIN,58.5714,113146
1696683000,USDCHF,LOSS,-508.571,112637
1696811400,GBPUSD,LOSS,-508.571,112129
1697020200,USDCAD,WIN,138.571,112267
1697098200,GBPUSD,WIN,145.714,112413
1697100600,USDJPY,WIN,432.857,112846
1697109900,USDJPY,WIN,201.429,113047
1697133900,USDJPY,WIN,885.714,113933
1697690700,USDJPY,LOSS,-508.571,113424
1697707200,USDJPY,WIN,78.5714,113503
1697760000,USDCHF,WIN,757.143,114260
1697852400,USDJPY,WIN,60,114320
1697868000,USDJPY,LOSS,-508.571,113811
1698124800,USDJPY,LOSS,-508.571,113303
1698226800,USDJPY,LOSS,-508.571,112794
1698310800,USDJPY,WIN,811.429,113606
1698315600,USDJPY,WIN,48.5714,113654
1698403800,USDJPY,LOSS,-508.571,113146
1698488700,GBPUSD,LOSS,-508.571,112637
1698685500,USDJPY,WIN,895.714,113533
1698764100,USDJPY,WIN,494.286,114904
1698766800,USDJPY,WIN,877.143,114410
1698842700,USDJPY,WIN,344.286,115249
1698904200,USDCHF,LOSS,-508.571,114740
1699025400,USDJPY,WIN,900,115640
1699040400,GBPUSD,WIN,807.143,116447
1699663500,USDJPY,WIN,90,116537
1700001300,USDJPY,WIN,948.571,117486
1700161200,USDCAD,WIN,832.857,118319
1700541300,USDJPY,WIN,875.714,119194
1700541600,USDJPY,WIN,924.286,120119
1700591100,USDJPY,LOSS,-508.571,119610
1700709000,USDJPY,LOSS,-508.571,119101
1700800800,USDJPY,WIN,524.286,119626
1700802300,GBPUSD,LOSS,-508.571,119117
1701134700,USDJPY,WIN,950,120067
1701337500,USDCAD,LOSS,-508.571,119559
1701338400,USDCHF,WIN,345.714,119904
1701340800,USDCAD,LOSS,-508.571,119396
1701344400,USDJPY,WIN,87.1429,119483
1701521700,USDCAD,WIN,112.857,119596
1701707100,USDJPY,LOSS,-508.571,119087
1701711300,USDJPY,LOSS,-508.571,118579
1701769500,GBPUSD,WIN,261.429,118840
1702040700,GBPUSD,LOSS,-2.85714,118837
1702050000,USDJPY,WIN,644.286,119481
1702287600,USDJPY,WIN,864.286,120346
1702347000,USDJPY,LOSS,-508.571,119329
1702348200,USDJPY,LOSS,-508.571,119837
1702481700,USDJPY,LOSS,-508.571,118820
1702567800,USDJPY,LOSS,-508.571,118311
1702577700,USDCHF,WIN,902.857,119214
1702582500,GBPUSD,WIN,865.714,120080
1702635600,USDCHF,WIN,225.714,120306
1702953300,USDJPY,LOSS,-508.571,119797
1702975200,USDJPY,WIN,4.28571,119801
1703004600,USDJPY,LOSS,-508.571,119293
1703173200,USDJPY,WIN,202.857,119496
1703212500,USDJPY,WIN,774.286,120270
1703270700,USDJPY,LOSS,-508.571,119761
1703700300,USDJPY,LOSS,-508.571,119253
1704269400,USDCHF,WIN,205.714,119459
1704277500,USDJPY,WIN,912.857,120371
1704299100,USDJPY,WIN,901.429,121273
1704299400,USDJPY,WIN,875.714,122149
1704333000,USDJPY,LOSS,-508.571,121640
1704443400,USDJPY,WIN,878.571,122519
1704996600,USDCAD,WIN,791.429,123747
1705015500,USDJPY,LOSS,-508.571,123239
1705050900,USDCHF,WIN,437.143,122956
1705054800,USDCHF,LOSS,-508.571,122730
1705394100,USDJPY,LOSS,-508.571,122221
1705401600,USDJPY,WIN,922.857,123144
1705437900,USDJPY,WIN,902.857,124497
1705458600,GBPUSD,WIN,450,123594
1705555500,GBPUSD,LOSS,-508.571,123989
1705651200,USDJPY,WIN,908.571,124897
1705652400,USDJPY,WIN,895.714,125793
1705983600,USDJPY,LOSS,-508.571,125284
1706016300,USDJPY,LOSS,-508.571,124776
1706106600,USDJPY,WIN,862.857,125639
1706109900,USDJPY,WIN,921.429,126560
1706315700,USDJPY,LOSS,-508.571,126051
1706324400,USDJPY,LOSS,-508.571,125543
1706810700,USDJPY,WIN,642.857,126186
1706898300,USDJPY,WIN,804.286,126990
1706955900,GBPUSD,WIN,305.714,127296
1707311100,USDJPY,WIN,82.8571,127379
1707459600,USDJPY,WIN,448.571,127827
1707471300,USDJPY,WIN,51.4286,127879
1707838500,USDJPY,LOSS,-508.571,127370
1707901800,USDJPY,LOSS,-508.571,126861
1707978900,USDJPY,LOSS,-508.571,126353
1708059300,USDJPY,WIN,120,126473
1708396800,USDJPY,LOSS,-508.571,125964
1708571100,USDJPY,LOSS,-508.571,125456
1708605300,USDJPY,LOSS,-508.571,124947
1708776300,USDJPY,LOSS,-508.571,124439
1708995000,USDJPY,LOSS,-508.571,123930
1709011500,USDJPY,WIN,97.1429,124027
1709622600,USDJPY,WIN,170,124197
1709751000,USDJPY,WIN,875.714,125073
1709777700,USDJPY,WIN,815.714,125889
1710257400,USDJPY,WIN,920,126809
1710257400,USDJPY,WIN,612.857,127421
1710381000,USDJPY,WIN,534.286,127956
1710434700,USDJPY,WIN,571.429,128527
1710569400,USDJPY,WIN,347.143,128874
1710582900,USDJPY,WIN,251.429,129126
1710591900,USDJPY,WIN,5.71429,129131
1710810900,USDJPY,WIN,100,129231
1711435500,USDJPY,LOSS,-508.571,128723
1711457400,USDJPY,LOSS,-508.571,128214
1711497900,USDJPY,LOSS,-508.571,127706
1711791300,USDJPY,LOSS,-508.571,127197
1712054100,USDJPY,LOSS,-508.571,126689
1712103900,USDJPY,LOSS,-508.571,126180
1712625900,USDJPY,WIN,78.5714,126259
1712713500,USDJPY,LOSS,-508.571,125750
1712829900,USDCAD,WIN,454.286,126204
1712841000,GBPUSD,WIN,31.4286,126236
1712922000,USDJPY,LOSS,-508.571,125727
1712936400,USDJPY,LOSS,-508.571,125219
1713153300,USDJPY,LOSS,-508.571,124710
1713259800,USDJPY,WIN,537.143,125247
1713286800,USDJPY,WIN,214.286,125461
1713349800,USDJPY,WIN,127.143,125589
1713445800,USDJPY,WIN,47.1429,125636
1713501000,USDJPY,LOSS,-508.571,125127
1713868500,USDJPY,WIN,84.2857,125211
1714013400,USDJPY,WIN,11.4286,125223
1714025700,USDJPY,WIN,670,125893
1714047300,USDJPY,WIN,357.143,126250
1714129500,USDJPY,LOSS,-508.571,125741
1714150800,USDJPY,WIN,295.714,126037
1714174200,USDJPY,WIN,927.143,126964
1714401900,USDJPY,LOSS,-508.571,126456
1714493100,USDJPY,WIN,845.714,127301
1714493100,USDJPY,WIN,757.143,128059
1714556700,GBPUSD,WIN,847.143,129270
1714557300,USDCAD,WIN,364.286,128423
1714566900,USDJPY,WIN,268.571,129539
1715143200,USDJPY,WIN,902.857,130441
1715228100,USDJPY,WIN,350,130791
1715231700,USDJPY,WIN,365.714,131157
1715246100,USDJPY,LOSS,-508.571,130649
1715399400,USDJPY,WIN,50,130699
1715649900,USDJPY,WIN,62.8571,130761
1715759400,USDJPY,WIN,78.5714,130840
1715769000,USDJPY,LOSS,-508.571,130331
1716284100,USDJPY,WIN,102.857,130434
1716287700,USDJPY,WIN,221.429,130656
1716436500,USDJPY,WIN,201.429,130857
1716551100,USDJPY,LOSS,-508.571,130349
1717043400,USDJPY,WIN,90,130439
1717151400,USDJPY,LOSS,-508.571,129930
1717244700,USDJPY,WIN,80,130010
1717580400,USDCAD,LOSS,-508.571,129501
1717747800,GBPUSD,LOSS,-508.571,128993
1718064600,USDJPY,LOSS,-508.571,128484
1718155200,USDJPY,LOSS,-508.571,127976
1718206200,USDJPY,LOSS,-508.571,127467
1718272200,USDCHF,LOSS,-508.571,126959
1718292600,USDJPY,LOSS,-508.571,126450
1718701800,USDJPY,LOSS,-508.571,125941
1718842200,USDJPY,LOSS,-508.571,125433
1719056100,USDJPY,WIN,160,125593
1719401700,USDJPY,LOSS,-508.571,125084
1719405900,USDJPY,LOSS,-508.571,124576
1719419400,USDJPY,WIN,755.714,125331
1719426600,USDJPY,WIN,590,125921
1719578700,USDJPY,LOSS,-508.571,125413
1719856500,USDJPY,WIN,427.143,125840
1719938400,USDJPY,LOSS,-508.571,125331
1719974100,USDJPY,LOSS,-508.571,124823
1720026000,USDJPY,LOSS,-508.571,124314
1720026000,USDJPY,LOSS,-508.571,123806
1720089600,USDCHF,LOSS,-508.571,123297
1720156800,USDJPY,WIN,135.714,123433
1720193700,USDJPY,LOSS,-508.571,122924
1720269300,USDJPY,WIN,174.286,123099
1720587600,USDJPY,WIN,88.5714,123187
1720701600,USDJPY,LOSS,-508.571,122679
1720711800,USDJPY,LOSS,-508.571,122170
1720870200,USDJPY,WIN,145.714,122316
1721832300,USDJPY,WIN,855.714,123171
1722430800,USDJPY,WIN,910,124081
1722445200,USDJPY,WIN,744.286,124826
1722589200,USDJPY,WIN,851.429,125677
1723478700,USDJPY,WIN,838.571,126516
1723479000,USDJPY,WIN,881.429,127397
1723487100,USDJPY,LOSS,-508.571,126889
1723814700,USDJPY,LOSS,-508.571,126380
1723814700,USDJPY,LOSS,-508.571,125871
1724199900,USDJPY,WIN,904.286,126776
1724256000,USDJPY,LOSS,-508.571,126267
1724274900,USDJPY,WIN,884.286,127151
1724447100,USDJPY,WIN,751.429,127903
1724830500,USDJPY,LOSS,-508.571,127394
1725010500,GBPUSD,LOSS,-508.571,126886
1725099600,GBPUSD,WIN,441.429,127327
1725346200,USDJPY,LOSS,-508.571,126819
1725381300,USDJPY,WIN,817.143,127636
1725469200,USDJPY,WIN,860,128496
1725469200,USDJPY,WIN,898.571,129394
1725493500,USDJPY,WIN,782.857,130177
1725549600,USDJPY,WIN,888.571,131066
1726029000,USDJPY,WIN,871.429,131937
1726616100,USDJPY,WIN,815.714,132753
1727185800,USDJPY,LOSS,-508.571,132244
1727371500,USDJPY,WIN,617.143,132861
1727847000,USDJPY,WIN,511.429,133373
1727918700,USDJPY,WIN,804.286,134177
1728056100,USDJPY,LOSS,-508.571,133669
1728121800,USDCHF,LOSS,-508.571,133160
1728319500,USDJPY,LOSS,-508.571,132651
1728649800,USDCHF,WIN,274.286,132926
1728724800,USDJPY,LOSS,-508.571,132417
1729242900,USDJPY,WIN,657.143,133074
1729338000,USDJPY,WIN,120,133194
1729655400,USDJPY,LOSS,-508.571,132686
1729686600,USDJPY,WIN,874.286,133560
1729695300,USDJPY,WIN,865.714,134426
1729718400,USDJPY,LOSS,-508.571,133917
1730073600,USDJPY,WIN,867.143,134784
1730281200,USDCHF,LOSS,-508.571,134276
1730462400,GBPUSD,LOSS,-508.571,133767
1730678400,USDJPY,LOSS,-508.571,133259
1730774100,USDJPY,LOSS,-508.571,132750
1730837400,USDJPY,WIN,670,133420
1730866200,GBPUSD,LOSS,-508.571,132911
1730966100,USDJPY,WIN,415.714,133327
1731080100,USDJPY,LOSS,-508.571,132819
1731436800,USDJPY,WIN,900,133719
1731484800,USDJPY,WIN,814.286,134533
1731511800,USDJPY,LOSS,-508.571,133516
1731512400,USDJPY,LOSS,-508.571,134024
1731582600,GBPUSD,WIN,175.714,133691
1731622200,USDJPY,WIN,841.429,134533
1731692100,USDJPY,WIN,800,135333
1732096800,USDCAD,WIN,302.857,135636
1732122300,USDJPY,LOSS,-508.571,135127
1732122300,USDJPY,LOSS,-508.571,134619
1732186800,USDJPY,WIN,925.714,135544
1732630500,USDJPY,WIN,898.571,136443
1732787700,GBPUSD,WIN,374.286,136817
1732794000,USDCAD,WIN,61.4286,136879
1732872300,USDJPY,WIN,788.571,137667
1733163300,USDJPY,WIN,562.857,138230
1733333100,USDJPY,LOSS,-508.571,137721
1733764200,USDJPY,WIN,911.429,138633
1733793900,USDJPY,WIN,822.857,139456
1733824800,USDJPY,WIN,880,140336
1733999100,USDCAD,LOSS,-508.571,139827
1734003300,USDJPY,WIN,238.571,140066
1734043800,USDCHF,WIN,838.571,140904
1734060300,USDCAD,WIN,788.571,141693
1734171900,USDJPY,WIN,78.5714,141771
1734175800,GBPUSD,WIN,112.857,141884
1734369300,USDJPY,WIN,885.714,142770
1734534000,USDJPY,LOSS,-508.571,142261
1735031400,USDJPY,LOSS,-508.571,141753
1735272600,USDJPY,LOSS,-508.571,141244
1735272900,USDJPY,LOSS,-508.571,140736
1736170500,USDCAD,WIN,885.714,141621
1736184900,USDCAD,LOSS,-508.571,141113
1736335500,USDCHF,WIN,194.286,141307
1736399400,USDJPY,LOSS,-508.571,140814
1736412000,GBPUSD,WIN,15.7143,141323
1736474700,USDJPY,LOSS,-508.571,140306
1736589900,USDCHF,WIN,198.571,140504
1736797200,GBPUSD,LOSS,-508.571,139996
1736925000,USDJPY,LOSS,-508.571,139487
1737411000,GBPUSD,WIN,774.286,140261
1737524400,USDJPY,LOSS,-508.571,139753
1737713700,USDJPY,WIN,434.286,139679
1737724500,USDCAD,LOSS,-508.571,139244
1738252500,USDJPY,WIN,868.571,140547
1738307700,USDJPY,LOSS,-508.571,140039
1738545000,USDJPY,WIN,810,140849
1738664100,USDJPY,WIN,810,141659
1738684200,USDCAD,WIN,861.429,142011
1738688400,USDJPY,LOSS,-508.571,141150
1738953300,USDJPY,WIN,784.286,142796
1739006100,USDCHF,WIN,310,143106
1739146500,USDCAD,LOSS,-508.571,142597
1739161800,USDJPY,LOSS,-508.571,142089
1739325900,USDJPY,WIN,885.714,142974
1739374500,USDJPY,LOSS,-508.571,142466
1739435400,USDJPY,LOSS,-508.571,142184
1739437800,USDJPY,WIN,227.143,142693
1739467200,USDJPY,WIN,517.143,142701
1739467200,USDCAD,WIN,861.429,143563
1739766900,USDJPY,WIN,867.143,144430
1739849700,USDJPY,LOSS,-508.571,143377
1739852400,USDJPY,WIN,472.857,144903
1739853300,USDJPY,LOSS,-508.571,143886
1739855100,USDJPY,LOSS,-508.571,144394
1739952600,USDCAD,LOSS,-508.571,142869
1740065400,USDJPY,WIN,740,143609
1740448800,USDJPY,LOSS,-508.571,143100
1740601500,USDJPY,LOSS,-508.571,142591
1741087500,USDJPY,WIN,807.143,143399
1741274400,USDJPY,WIN,824.286,144223
1741344600,USDJPY,WIN,924.286,145147
1741373400,USDJPY,WIN,752.857,145900
1741628400,USDJPY,WIN,787.143,146687
1741678800,USDJPY,LOSS,-508.571,146179
1741729200,USDCAD,LOSS,-508.571,145670
1741793700,USDJPY,WIN,201.429,145871
1741939800,GBPUSD,LOSS,-508.571,145363
1742419200,USDJPY,LOSS,-508.571,144854
1742962800,USDJPY,LOSS,-508.571,144346
1743065400,GBPUSD,WIN,212.857,144559
1743513000,USDJPY,LOSS,-508.571,144050
1743615600,USDJPY,LOSS,-508.571,143541
1743636300,USDCAD,LOSS,-508.571,143033
1743694500,USDCAD,WIN,778.571,143811
1743781200,USDCAD,WIN,345.714,144157
1744044300,GBPUSD,WIN,825.714,144983
1744045800,USDJPY,WIN,790,145773
1744090200,USDJPY,LOSS,-508.571,145264
1744147800,GBPUSD,LOSS,-508.571,144756
1744384800,USDCAD,WIN,785.714,145541
1744394700,GBPUSD,LOSS,-508.571,145033
1744802700,USDJPY,LOSS,-508.571,144524
1744837200,USDJPY,WIN,375.714,145819
1744840800,USDJPY,WIN,918.571,145443
1744840800,USDJPY,WIN,535.714,146354
1745194200,USDJPY,WIN,947.143,147301
1745244300,USDJPY,LOSS,-508.571,146793
1745338800,USDJPY,LOSS,-508.571,146284
1745367900,USDJPY,WIN,765.714,147050
1746066600,USDJPY,WIN,780,147830
1746118800,USDJPY,WIN,774.286,148604
1746513000,USDJPY,WIN,162.857,148767
1746524400,USDJPY,LOSS,-508.571,148259
1746702600,USDJPY,WIN,902.857,149161
1747056000,USDJPY,WIN,830,149991
1747328700,USDJPY,WIN,508.571,150500
1747612800,USDJPY,LOSS,-508.571,149991
1747711200,USDJPY,LOSS,-508.571,149483
1747756800,USDJPY,LOSS,-508.571,148974
1747875900,USDJPY,LOSS,-508.571,147957
1747876500,USDJPY,LOSS,-508.571,148466
1748077500,USDCHF,WIN,290,148247
1748091600,USDJPY,WIN,144.286,148391
1748572500,USDJPY,WIN,802.857,149194
1748968200,USDJPY,LOSS,-508.571,148686
1748970000,USDJPY,WIN,924.286,149610
1749226800,USDJPY,WIN,628.571,150239
1749283800,GBPUSD,WIN,211.429,150450
1749445500,USDJPY,LOSS,-508.571,149941
1749655800,USDJPY,LOSS,-508.571,149433
1749693600,GBPUSD,WIN,811.429,150483
1749719400,USDCAD,WIN,238.571,149671
1750182300,USDJPY,WIN,841.429,151324
1750728000,GBPUSD,WIN,802.857,152127
1750784700,USDJPY,WIN,890,153017
1750785600,GBPUSD,WIN,817.143,153834
1750827000,USDJPY,LOSS,-508.571,153326
1751296500,USDJPY,LOSS,-508.571,152817
1751338800,USDJPY,WIN,857.143,153674
1751367600,USDJPY,WIN,875.714,154550
1751556900,USDJPY,LOSS,-508.571,154041
1751598900,USDJPY,LOSS,-508.571,153533
1751904600,USDJPY,WIN,902.857,154436
1751980500,USDJPY,LOSS,-508.571,153927
1752253800,USDJPY,WIN,808.571,154736
1752571800,USDJPY,WIN,412.857,155149
1752666000,USDJPY,WIN,87.1429,155236
1752698700,USDJPY,WIN,512.857,155749
1752844200,USDJPY,LOSS,-508.571,155240
1752855600,USDJPY,LOSS,-508.571,154731
1752914100,USDJPY,LOSS,-508.571,154223
1753122000,USDJPY,WIN,894.286,155117
1753199400,USDJPY,WIN,890,156007
1753784700,USDJPY,WIN,522.857,156530
1753794300,USDJPY,WIN,45.7143,156576
1754045700,USDJPY,WIN,454.286,157030
1754055000,USDJPY,WIN,122.857,157153
1754362800,USDJPY,WIN,718.571,157871
1754988000,USDJPY,WIN,271.429,158143
1755005700,USDJPY,WIN,194.286,158337
1755012600,USDJPY,LOSS,-508.571,157829
1755076200,GBPUSD,WIN,544.286,158373
1755076200,USDCHF,WIN,441.429,158814
1755185400,USDJPY,LOSS,-508.571,158306
1755185400,USDJPY,LOSS,-508.571,157797
1755577800,USDJPY,WIN,910,158707
1755767100,USDJPY,WIN,392.857,159100
1755796800,USDJPY,WIN,888.571,159989
1755866400,USDJPY,WIN,38.5714,160027
1755882000,USDJPY,LOSS,-508.571,159519
1756088700,USDJPY,LOSS,-508.571,159010
1756428600,USDJPY,LOSS,-508.571,158501
1756490400,USDJPY,LOSS,-508.571,157993
1756826100,GBPUSD,WIN,820,158813
1756832700,USDJPY,LOSS,-508.571,158304
1756885500,GBPUSD,LOSS,-508.571,157796
1756894800,USDJPY,WIN,917.143,158713
1757044200,USDJPY,LOSS,-508.571,158247
1757049000,GBPUSD,WIN,42.8571,158756
1757404800,USDJPY,WIN,864.286,159111
1757578200,USDCHF,WIN,151.429,159263
1757578200,USDJPY,WIN,44.2857,159307
1757610000,USDJPY,LOSS,-508.571,158799
1758104400,USDCAD,LOSS,-508.571,158290
1758264300,USDJPY,LOSS,-508.571,157781
1758616800,USDJPY,WIN,45.7143,157827
1758725700,USDJPY,WIN,898.571,158726
1758729000,USDJPY,WIN,915.714,159641
1758800700,USDJPY,WIN,171.429,159813
1758804900,USDJPY,WIN,51.4286,159864
1758815400,USDJPY,WIN,868.571,160733
1758819000,USDJPY,WIN,935.714,161669
1758827700,USDJPY,WIN,897.143,162566
1759189500,USDJPY,WIN,511.429,163077
1759288800,USDJPY,LOSS,-508.571,162569
1759331700,USDJPY,WIN,884.286,163453
1759392000,USDCHF,WIN,204.286,163657
1759708800,USDJPY,WIN,912.857,164570
1759837500,USDJPY,WIN,905.714,165476
1759865100,USDJPY,WIN,867.143,166343
1759866000,USDJPY,WIN,917.143,167260
1759872000,USDJPY,WIN,865.714,168126
1760011200,USDJPY,LOSS,-508.571,167617
1760187000,GBPUSD,LOSS,-508.571,167109
1760501700,USDJPY,WIN,858.571,167967
1761066000,USDJPY,LOSS,-508.571,167459
1761133200,USDJPY,WIN,138.571,167597
1761193500,USDJPY,WIN,865.714,168463
1761274800,USDJPY,WIN,422.857,168886
1761282300,USDJPY,WIN,17.1429,168903
1761319800,USDJPY,LOSS,-508.571,168394
1761366600,GBPUSD,LOSS,-508.571,167886
1761396600,USDJPY,LOSS,-1.42857,167884
1761619500,USDJPY,LOSS,-508.571,167376
1761840000,USDJPY,WIN,857.143,168233
1761968100,GBPUSD,WIN,384.286,168617
1762215900,USDJPY,WIN,92.8571,168710
1762242600,USDJPY,LOSS,-508.571,168201
1762421700,USDJPY,WIN,165.714,168367
1762456500,USDJPY,WIN,818.571,170033
1762459500,GBPUSD,WIN,847.143,169214
1762598100,GBPUSD,WIN,91.4286,170124
1763431500,USDJPY,WIN,884.286,171009
1763463600,USDJPY,WIN,55.7143,171064
1763545500,USDJPY,WIN,537.143,171601
1763557200,USDJPY,WIN,901.429,172503
1763580000,USDJPY,WIN,880,173383
1763595900,USDJPY,WIN,881.429,174264
1763610600,USDJPY,WIN,864.286,175129
1763808900,USDJPY,WIN,338.571,175467
1764211800,USDJPY,LOSS,-508.571,174959
1764212700,GBPUSD,WIN,815.714,175774
1764600300,USDJPY,WIN,861.429,176636
1764848700,USDJPY,LOSS,-508.571,176127
1765009200,USDJPY,WIN,131.429,176259
1765015200,USDJPY,WIN,94.2857,176353
1765212600,USDJPY,WIN,921.429,177274
1765299600,USDJPY,WIN,871.429,178146
1765355400,USDJPY,WIN,760,178906
1765394100,USDJPY,LOSS,-508.571,178397
1765467000,USDJPY,WIN,761.429,179159
1765773600,USDJPY,LOSS,-508.571,178650
1765861800,USDJPY,WIN,247.143,178897
1766416200,USDJPY,LOSS,-508.571,178389
1766796300,USDJPY,WIN,285.714,178674
1767115200,USDJPY,LOSS,-508.571,178166
1767115500,USDJPY,LOSS,-508.571,177657
1767681000,USDJPY,WIN,152.857,177810
1767874200,USDJPY,WIN,181.429,177991
1768041600,USDJPY,LOSS,-508.571,176974
1768041900,USDCAD,WIN,295.714,177270
1768212600,GBPUSD,LOSS,-508.571,177483
1768278300,USDJPY,WIN,837.143,178107
1768464600,USDJPY,WIN,422.857,178530
1768470600,USDJPY,LOSS,-508.571,178021
1768640700,USDJPY,LOSS,-508.571,177513
1769168700,GBPUSD,WIN,192.857,177706
1769385600,GBPUSD,WIN,854.286,178560
1769439900,USDJPY,LOSS,-508.571,178051
1769528700,USDJPY,WIN,895.714,178947
1769553900,USDJPY,WIN,894.286,179841
1769651700,USDCHF,LOSS,-508.571,179333
1769791800,USDJPY,WIN,837.143,180170
1770305700,USDJPY,LOSS,-508.571,179661
1770462300,USDCAD,LOSS,-508.571,179153
1770652800,USDJPY,WIN,925.714,180079
1770836100,USDJPY,WIN,664.286,180743
1770996600,USDJPY,LOSS,-508.571,180234
1771472100,USDJPY,WIN,832.857,181067
1771811700,GBPUSD,WIN,478.571,181546
1771913100,USDJPY,LOSS,-508.571,181037
1771994100,USDJPY,LOSS,-508.571,180529
1772530200,USDJPY,LOSS,-508.571,180020
1772583000,USDJPY,WIN,538.571,180559
1772769600,USDCAD,LOSS,-508.571,180050
1772811000,USDJPY,LOSS,-508.571,179541
1773014400,GBPUSD,LOSS,-508.571,179033
1773018600,USDJPY,WIN,857.143,179890
1773094500,GBPUSD,WIN,841.429,180731
1773182100,GBPUSD,LOSS,-508.571,180223
1773281400,USDJPY,WIN,661.429,180884
1773317400,USDJPY,WIN,202.857,181087
1773325800,USDJPY,LOSS,-508.571,180579
1773396300,GBPUSD,WIN,818.571,181730
1773401400,USDJPY,WIN,332.857,180911
1773655800,USDJPY,LOSS,-508.571,181221
1773813300,USDJPY,WIN,192.857,181414
1773819600,USDJPY,WIN,42.8571,181457
1773839100,USDJPY,WIN,27.1429,181484
1773875400,GBPUSD,WIN,801.429,182286
1773917100,USDJPY,WIN,445.714,182731
1774090800,GBPUSD,WIN,48.5714,182780
1774090800,USDJPY,WIN,261.429,183041
1774423800,GBPUSD,LOSS,-508.571,182533
1774493100,USDJPY,LOSS,-508.571,182024
1774531200,USDJPY,WIN,325.714,182350
1774686300,USDJPY,WIN,388.571,183584
1774832700,USDJPY,WIN,845.714,183196
1774928400,USDJPY,WIN,352.857,183937
1774953300,GBPUSD,WIN,190,184127
1775065800,GBPUSD,WIN,717.143,184844
1775188500,USDJPY,LOSS,-508.571,184336
1775684700,USDJPY,LOSS,-508.571,183827
1775883300,USDJPY,LOSS,-508.571,183319
1776042000,USDJPY,WIN,851.429,184170
1776465300,GBPUSD,LOSS,-508.571,183661
1776504900,USDCAD,LOSS,-508.571,183153
1776834000,USDJPY,LOSS,-508.571,182644
1776935700,USDJPY,WIN,347.143,182991
1776994200,USDJPY,WIN,224.286,183216
1777002000,USDJPY,LOSS,-508.571,182707
1777116000,USDJPY,LOSS,-508.571,182199
1777488600,USDJPY,WIN,894.286,183093
1777540200,USDJPY,WIN,890,183983
1777546500,USDJPY,LOSS,-508.571,183474
1777993200,USDJPY,WIN,418.571,183893
1778052300,USDJPY,LOSS,-508.571,183384
1778094000,USDJPY,LOSS,-508.571,182876
1778577600,USDJPY,WIN,137.143,183013
1778673600,USDJPY,LOSS,-508.571,182504
1778777100,USDJPY,LOSS,-508.571,181996
1778845200,USDJPY,WIN,351.429,182347
1778925600,GBPUSD,WIN,427.143,182774
1778928000,USDJPY,WIN,78.5714,182853
1779147900,USDJPY,LOSS,-508.571,182344
1779300900,GBPUSD,LOSS,-508.571,181836
1779433200,USDJPY,WIN,114.286,181950
1779501600,USDJPY,WIN,11.4286,181961
1779876900,USDJPY,WIN,54.2857,182016
1779955200,USDJPY,WIN,208.571,182224
1780104900,USDJPY,LOSS,-508.571,181716
1780128600,USDJPY,WIN,101.429,181817
1780463400,USDJPY,WIN,78.5714,181896
1780745700,USDJPY,LOSS,-508.571,181387
1780984800,USDJPY,LOSS,-508.571,180879
1781091900,USDJPY,WIN,95.7143,180974
1781209800,USDJPY,LOSS,-508.571,180466
1781216100,USDCAD,LOSS,-508.571,179957
1781685000,USDJPY,WIN,57.1429,180014
1781692500,USDJPY,LOSS,-508.571,179506
1781733900,USDJPY,LOSS,-508.571,178489
1781734800,USDJPY,LOSS,-508.571,178997
1781808900,USDJPY,WIN,910,179399
1782147900,USDJPY,LOSS,-508.571,178890
1782147900,USDJPY,LOSS,-508.571,178381
1782441900,USDJPY,WIN,7.14286,178389
1782812400,USDJPY,WIN,5.71429,178394
1782826500,USDJPY,LOSS,-508.571,177886
1782864900,USDJPY,WIN,224.286,178110
1782881400,USDJPY,WIN,71.4286,178181
1782901800,USDJPY,WIN,92.8571,178274
1782924300,USDJPY,LOSS,-508.571,177257
1782951000,USDJPY,LOSS,-508.571,177766
1783006200,USDJPY,WIN,807.143,178064
1783047300,USDJPY,LOSS,-508.571,176030
1783048200,USDJPY,LOSS,-508.571,176539
1783069500,USDCHF,LOSS,-508.571,177556
1783069500,GBPUSD,LOSS,-508.571,177047
1783581600,USDJPY,WIN,218.571,176249
1783997400,USDJPY,LOSS,-4.28571,176244
1784018400,USDJPY,WIN,440,176684
1784027100,USDJPY,WIN,127.143,176811
1784150100,USDJPY,LOSS,-508.571,176303
1784279400,USDJPY,WIN,302.857,176606
1784287500,USDJPY,LOSS,-508.571,176097
1784626200,USDJPY,WIN,34.2857,176131
1784696100,USDJPY,WIN,150,176281
1784723100,USDJPY,WIN,260,176541
1784788800,USDJPY,WIN,81.4286,176623
1784868300,USDJPY,WIN,604.286,177227
1784877900,USDJPY,WIN,411.429,177639
1784937000,USDJPY,LOSS,-508.571,177130
1785494100,USDCHF,WIN,424.286,177554
1785495000,GBPUSD,WIN,578.571,178133
1785521100,USDJPY,WIN,635.714,178769
1785757200,USDJPY,LOSS,-508.571,178260
1785777300,USDJPY,WIN,884.286,179144
1785805200,USDJPY,LOSS,-508.571,178636
1786042800,USDJPY,WIN,924.286,179560
1786043700,USDJPY,WIN,888.571,180449
1786392300,USDJPY,WIN,638.571,181087
1786442400,USDJPY,WIN,307.143,181394
1786446000,USDJPY,WIN,567.143,181961
1786507800,USDJPY,LOSS,-508.571,181453
1787040300,USDCHF,WIN,18.5714,181471
1787103300,USDJPY,LOSS,-508.571,180963
1787153700,USDJPY,WIN,904.286,181867
1787400000,USDJPY,WIN,57.1429,181924
