Timestamp,Symbol,Outcome,LotSize,PnL_USD,BalanceAfter
1578052500,GBPUSD,WIN,0.114286,66.7429,1066.74
1578474000,GBPUSD,LOSS,0.121913,-43.4012,1023.34
1578570000,GBPUSD,WIN,0.116953,70.172,1093.51
1578637200,GBPUSD,LOSS,0.124973,-44.4904,1049.02
1578979500,GBPUSD,LOSS,0.119888,-42.6803,1006.34
1579760100,USDCAD,WIN,0.115011,59.9205,1025.32
1579772400,GBPUSD,LOSS,0.115011,-40.9438,965.399
1581604500,GBPUSD,WIN,0.117179,69.6046,1094.92
1582356900,GBPUSD,WIN,0.125134,50.0537,1144.98
1583217300,GBPUSD,WIN,0.130855,24.8624,1169.84
1583225400,USDCHF,WIN,0.130855,11.7769,1181.62
1583322600,USDCAD,WIN,0.135042,34.0306,1215.65
1583437500,USDCHF,WIN,0.138931,76.2732,1291.92
1583712000,GBPUSD,WIN,0.147648,87.5553,1379.48
1583760000,GBPUSD,LOSS,0.157654,-56.125,1323.35
1583812800,GBPUSD,LOSS,0.15124,-53.8415,1269.51
1583861700,USDCAD,WIN,0.145087,68.3359,1337.85
1583970600,USDCAD,WIN,0.152897,89.7503,1427.6
1584028500,USDCHF,WIN,0.163154,40.7885,1468.38
1584448800,GBPUSD,WIN,0.167815,95.3191,1563.7
1584540300,GBPUSD,WIN,0.178709,100.077,1663.78
1584553200,USDCAD,WIN,0.190146,106.862,1770.64
1584561300,USDCAD,WIN,0.202359,115.547,1886.19
1584572100,USDCHF,LOSS,0.202359,-72.0399,1814.15
1584723900,GBPUSD,WIN,0.207331,100.348,1914.5
1584976500,USDCHF,LOSS,0.2188,-77.8928,1836.61
1585053300,GBPUSD,WIN,0.209898,116.493,1953.1
1585070700,USDCHF,LOSS,0.209898,-74.7236,1878.38
1585093800,USDCAD,LOSS,0.214672,-76.4231,1801.95
1585136400,GBPUSD,WIN,0.205937,92.26,1894.21
1585238700,GBPUSD,WIN,0.216481,68.8411,1963.05
1585243800,USDCAD,WIN,0.224349,81.663,2183.14
1585252200,USDCHF,WIN,0.224349,138.423,2101.48
1585322100,GBPUSD,WIN,0.249502,73.3535,2256.49
1585660800,USDCAD,WIN,0.257885,142.095,2398.59
1585672800,USDCAD,WIN,0.274124,118.696,2517.28
1585745700,USDCAD,WIN,0.28769,173.477,2588.34
1585758900,GBPUSD,LOSS,0.28769,-102.418,2414.87
1585935600,GBPUSD,WIN,0.295811,149.384,2737.73
1585996500,USDCHF,LOSS,0.312883,-111.386,2626.34
1586195700,GBPUSD,LOSS,0.300153,-106.855,2519.49
1586211000,GBPUSD,LOSS,0.287941,-102.507,2415.48
1586251800,USDCHF,LOSS,0.300153,-1.50077,2517.99
1586428500,GBPUSD,WIN,0.276055,43.6166,2459.1
1586432700,GBPUSD,LOSS,0.276055,-98.2755,2360.82
1586453100,USDCAD,WIN,0.269808,138.412,2499.23
1586897400,GBPUSD,WIN,0.285626,158.237,2657.47
1587136500,GBPUSD,LOSS,0.303711,-108.121,2549.35
1587371700,USDCAD,LOSS,0.291354,-103.722,2445.63
1587426300,USDCAD,WIN,0.2795,171.054,2616.68
1588334400,USDCHF,WIN,0.299049,32.2973,2648.98
1588555200,GBPUSD,WIN,0.30274,177.709,2826.69
1588656900,GBPUSD,LOSS,0.32305,-115.006,2711.68
1588680300,USDCHF,WIN,0.309906,187.493,2899.17
1589564700,GBPUSD,WIN,0.331334,161.36,3060.53
1590135000,USDCAD,WIN,0.349775,217.56,3278.09
1590524400,USDCAD,WIN,0.374639,222.536,3500.63
1590793200,USDCAD,LOSS,0.400072,-142.426,3369.41
1590835800,USDCHF,WIN,0.400072,11.202,3511.83
1591347600,GBPUSD,WIN,0.385075,241.057,3610.46
1591374900,USDCAD,WIN,0.412624,204.249,3814.71
1591436400,USDCAD,WIN,0.435967,9.15531,3823.87
1591697700,USDCAD,WIN,0.437013,149.022,3972.89
1591720500,GBPUSD,LOSS,0.454044,-161.64,3811.25
1591898400,USDCAD,WIN,0.435571,255.68,4066.93
1591983000,GBPUSD,WIN,0.464792,291.424,4358.35
1592329800,USDCAD,LOSS,0.498097,-177.323,4181.03
1592989800,GBPUSD,WIN,0.477832,217.891,4398.92
1593020700,GBPUSD,WIN,0.502734,289.072,4687.99
1593605700,GBPUSD,WIN,0.535771,164.482,4852.47
1593624600,GBPUSD,WIN,0.535771,313.426,5165.9
1594285200,GBPUSD,WIN,0.590389,320.581,5486.48
1594917900,GBPUSD,LOSS,0.627026,-223.221,5263.26
1595062800,GBPUSD,LOSS,0.601515,-214.14,5049.12
1595312700,GBPUSD,WIN,0.577042,327.76,5376.88
1595346000,USDCAD,WIN,0.614501,355.181,5732.06
1595934900,USDCAD,WIN,0.655093,170.324,5902.39
1596223800,GBPUSD,LOSS,0.674558,-240.143,5662.24
1596771300,GBPUSD,WIN,0.647114,1.29423,5663.54
1597487700,USDCAD,WIN,0.647261,14.887,5678.42
1597768500,GBPUSD,WIN,0.648963,376.398,6054.82
1597831800,GBPUSD,WIN,0.69198,103.797,6158.62
1597871100,GBPUSD,WIN,0.703842,454.682,6613.3
1598091300,GBPUSD,WIN,0.755806,67.2667,6680.57
1598636700,GBPUSD,WIN,0.763494,439.772,7120.34
1598957400,GBPUSD,WIN,0.813753,480.114,7600.46
1598969100,GBPUSD,WIN,0.868624,483.823,8084.28
1599220500,GBPUSD,LOSS,0.923918,-328.915,7755.36
1600709100,GBPUSD,WIN,0.886327,566.363,8321.73
1600863300,GBPUSD,LOSS,0.951055,-338.575,7983.15
1601963700,GBPUSD,WIN,0.91236,293.78,8276.93
1602264600,GBPUSD,WIN,0.945935,442.698,8719.63
1602322500,USDCAD,WIN,0.945935,162.701,8882.33
1602622800,GBPUSD,WIN,1.01512,556.288,9438.62
1603365300,GBPUSD,WIN,1.0787,17.2592,9455.88
1603367400,GBPUSD,LOSS,1.0787,-384.017,9071.86
1603536900,GBPUSD,WIN,1.03678,119.23,9191.09
1604455800,USDCAD,WIN,1.05041,626.045,9817.14
1604586000,GBPUSD,WIN,1.12196,539.662,10356.8
1604653200,USDCAD,WIN,1.18363,196.483,10553.3
1605071400,GBPUSD,LOSS,1.20609,-7.23654,10546
1605267000,GBPUSD,WIN,1.20526,202.484,10748.5
1606154100,GBPUSD,LOSS,1.2284,-437.312,10311.2
1606751400,GBPUSD,LOSS,1.17842,-419.519,9891.7
1606953300,GBPUSD,LOSS,1.13048,-402.451,9489.25
1607098500,GBPUSD,WIN,1.08449,634.424,10123.7
1607439600,GBPUSD,WIN,1.15699,631.717,10755.4
1608112200,GBPUSD,WIN,1.22919,716.616,11472
1608126000,GBPUSD,WIN,1.31109,540.168,12012.2
1608751800,GBPUSD,LOSS,1.37282,-488.724,11523.4
1609844400,GBPUSD,WIN,1.31697,405.625,11929.1
1609939200,GBPUSD,WIN,1.36332,6.81661,11935.9
1610561400,GBPUSD,LOSS,1.3641,-485.62,11450.3
1611747000,GBPUSD,WIN,1.3086,141.329,11591.6
1611851400,GBPUSD,LOSS,1.32475,-471.612,11120
1613490900,GBPUSD,LOSS,1.27086,-452.425,10667.6
1613964000,GBPUSD,WIN,1.21915,664.437,11332
1614021600,GBPUSD,WIN,1.29509,751.15,12083.1
1614173700,GBPUSD,LOSS,1.38093,-491.611,11591.5
1614333600,GBPUSD,WIN,1.32475,854.462,12446
1614660600,GBPUSD,WIN,1.4224,711.2,13157.2
1615257900,GBPUSD,WIN,1.50368,33.081,13190.3
1615781700,GBPUSD,LOSS,1.50746,-536.656,12653.6
1615968900,USDCHF,LOSS,1.44613,-514.822,12138.8
1616757300,USDCAD,WIN,1.38729,147.053,12285.9
1617185700,GBPUSD,WIN,1.4041,22.4656,12308.3
1617947700,GBPUSD,LOSS,1.40667,-500.773,11807.5
1617960600,GBPUSD,WIN,1.40667,852.439,12660
1617961200,GBPUSD,WIN,1.40667,869.319,13529.3
1618481100,GBPUSD,WIN,1.54621,168.536,13697.8
1619577900,GBPUSD,LOSS,1.56547,-557.306,13140.5
1619747700,GBPUSD,LOSS,1.50178,-534.632,12605.9
1621307700,GBPUSD,WIN,1.44067,858.642,13464.5
1622191200,GBPUSD,WIN,1.53881,258.519,13723.1
1623945300,GBPUSD,WIN,1.56835,920.622,14643.7
1624002600,GBPUSD,WIN,1.56835,774.765,15418.5
1625813700,GBPUSD,WIN,1.76211,111.013,15529.5
1626776700,USDCAD,WIN,1.7748,257.345,15786.8
1628327400,USDCAD,WIN,1.80421,575.542,16362.4
1628676300,GBPUSD,WIN,1.86998,289.847,16652.2
1629221700,GBPUSD,WIN,1.90311,1204.67,17856.9
1630146900,GBPUSD,WIN,2.04078,381.627,18238.5
1630747200,GBPUSD,WIN,2.0844,948.402,19186.9
1631792100,USDCAD,WIN,2.19279,394.702,19581.6
1632462600,USDCAD,WIN,2.2379,418.487,20000.1
1632909900,GBPUSD,WIN,2.28572,66.286,20066.4
1632999900,GBPUSD,WIN,2.2933,357.755,20424.1
1633022700,USDCAD,LOSS,2.33419,-830.97,19593.2
1633942800,USDCAD,WIN,2.23922,1303.22,20896.4
1635530100,GBPUSD,WIN,2.38816,1502.15,22398.5
1636574700,GBPUSD,WIN,2.55983,1666.45,24065
1640056500,USDCAD,WIN,2.75028,126.513,24191.5
1642848600,USDCAD,WIN,2.76474,995.307,25186.8
1643804400,GBPUSD,WIN,2.87849,639.025,25825.8
1644054300,GBPUSD,LOSS,2.95152,-1050.74,24775.1
1644223800,USDCAD,LOSS,2.95152,-1050.74,23724.3
1644654300,GBPUSD,WIN,2.71135,718.509,24442.8
1644898500,USDCAD,LOSS,2.79347,-994.475,23448.4
1645115400,GBPUSD,WIN,2.67981,1559.65,25008
1645176900,GBPUSD,WIN,2.85806,200.064,25208.1
1646223300,GBPUSD,LOSS,2.88092,-1025.61,24182.5
1646395800,GBPUSD,LOSS,2.76371,-983.882,23198.6
1646742600,GBPUSD,WIN,2.65127,296.942,23495.5
1646826900,USDCAD,WIN,2.6852,314.169,23809.7
1646826900,USDCHF,LOSS,2.6852,-955.933,22853.8
1647031800,GBPUSD,WIN,2.61186,1590.62,24444.4
1649298900,USDCAD,WIN,2.79365,1829.84,26274.2
1650620400,GBPUSD,WIN,3.00277,1894.75,28169
1651175100,USDCAD,LOSS,3.21931,-1146.08,27022.9
1651219800,GBPUSD,LOSS,3.21931,-1146.08,25876.8
1651657800,USDCAD,LOSS,2.95735,-1052.82,24824
1651759500,GBPUSD,LOSS,2.83703,-1009.98,23814
1651774800,GBPUSD,WIN,2.7216,1583.97,25398
1652386500,USDCHF,WIN,2.90263,1634.18,27032.2
1652861400,GBPUSD,LOSS,3.08939,-3.08939,27029.1
1652861400,USDCHF,WIN,3.08939,49.4303,27078.5
1653388200,GBPUSD,WIN,3.09469,173.303,27251.8
1655124300,GBPUSD,WIN,3.1145,1840.67,29092.5
1655142600,USDCHF,WIN,3.1145,1874.93,30967.4
1655226300,GBPUSD,WIN,3.53913,2027.92,32995.4
1655381700,USDCHF,WIN,3.7709,2160.72,35156.1
1655403000,GBPUSD,WIN,4.01784,2097.31,37253.4
1655482200,GBPUSD,LOSS,4.25753,-1515.68,35737.7
1655870100,USDCHF,LOSS,4.08431,-1454.01,34283.7
1655919300,USDCAD,LOSS,3.91814,-1394.86,32888.8
1656067800,USDCAD,WIN,3.75872,1488.45,34377.3
1656521700,GBPUSD,WIN,3.92883,2094.07,36471.4
1656648900,USDCHF,WIN,4.16816,971.18,37442.5
1657044300,GBPUSD,WIN,4.27915,2387.76,39830.3
1657174500,USDCAD,LOSS,4.55203,-1620.52,38209.8
1657643400,GBPUSD,LOSS,4.36683,-1554.59,36655.2
1657766100,GBPUSD,LOSS,4.18916,-1491.34,33672.5
1657769700,USDCAD,LOSS,4.18916,-1491.34,35163.8
1657816200,GBPUSD,WIN,3.84829,2074.23,35746.7
1658117700,USDCAD,WIN,4.08534,2275.53,38022.3
1658177700,USDCAD,LOSS,4.3454,-1546.96,36475.3
1658297400,GBPUSD,LOSS,4.16861,-1484.02,34991.3
1658310300,GBPUSD,LOSS,4.16861,-1484.02,33507.3
1658498400,USDJPY,WIN,3.8294,1665.79,35173
1658821500,GBPUSD,LOSS,4.01978,-1431.04,33742
1658917500,USDCAD,WIN,3.85623,825.233,34567.2
1658958000,GBPUSD,WIN,3.95054,1888.36,36455.6
1659077400,USDCHF,WIN,4.16635,2299.83,38755.4
1659114000,USDJPY,WIN,4.42919,832.688,39588.1
1659513600,USDJPY,WIN,4.52435,1054.17,40642.3
1659996000,USDJPY,WIN,4.64483,1314.49,41956.8
1660154100,GBPUSD,WIN,4.79506,3121.58,45078.4
1660275000,GBPUSD,LOSS,5.15181,-1834.04,43244.3
1660849200,USDJPY,WIN,4.94221,1887.92,45132.2
1660852200,GBPUSD,WIN,4.94221,2604.54,47736.8
1661191200,USDJPY,WIN,5.45563,2345.92,50082.7
1661336400,GBPUSD,LOSS,5.72374,-2037.65,48045
1661414400,USDJPY,WIN,5.49086,1043.26,49088.3
1661536800,USDJPY,LOSS,5.61009,-1997.19,47091.1
1661878800,USDJPY,WIN,5.38184,2303.43,49394.5
1661944500,USDCAD,WIN,5.64509,694.346,50088.9
1661944500,GBPUSD,WIN,5.64509,101.612,50190.5
1662051600,USDJPY,WIN,5.73606,3321.18,53511.7
1662133200,USDJPY,WIN,6.11562,1840.8,55352.5
1662210000,USDJPY,WIN,6.326,120.194,55472.7
1662480300,GBPUSD,LOSS,6.33973,-2256.95,53215.7
1662492900,USDJPY,WIN,6.0818,3290.25,56506
1663020900,USDJPY,LOSS,6.45783,-2298.99,54207
1663082700,USDJPY,WIN,6.19509,3555.98,57763
1663102800,GBPUSD,WIN,6.60148,3762.85,61525.8
1663218900,USDJPY,LOSS,7.03152,-2503.22,59022.6
1663280100,USDCAD,WIN,6.74544,3885.37,62908
1663583100,USDJPY,LOSS,7.18948,-2559.46,60348.5
1663642800,USDJPY,LOSS,6.89697,-2455.32,57893.2
1663927200,GBPUSD,WIN,6.61636,4274.17,62412.2
1663927800,USDCAD,WIN,6.61636,244.805,58138
1663936800,GBPUSD,WIN,7.13282,3388.09,65800.3
1663970100,USDCAD,WIN,7.52003,4812.82,70613.1
1664163900,USDJPY,WIN,7.52003,4617.3,75230.4
1664200500,USDJPY,WIN,8.59776,3817.4,79047.8
1664247000,USDCAD,LOSS,9.03403,-3216.12,72615.5
1664274000,USDJPY,LOSS,9.03403,-3216.12,75831.7
1664356800,USDJPY,WIN,8.29892,1751.07,74366.6
1664360700,USDJPY,WIN,8.29892,348.555,74715.2
1664364300,USDJPY,WIN,8.29892,1336.13,76051.3
1664388300,USDCHF,WIN,8.69158,4893.36,77990.2
1664391000,USDJPY,LOSS,8.29892,-2954.42,73096.9
1664496000,USDCHF,WIN,8.91317,5463.77,83454
1664796600,GBPUSD,WIN,9.5376,4702.04,84760.7
1664820600,USDJPY,LOSS,9.5376,-3395.39,80058.6
1664821500,USDCHF,WIN,9.5376,6313.89,91074.6
1664968800,USDJPY,LOSS,10.4085,-3705.43,87369.1
1665057600,USDCAD,WIN,9.98504,6001.01,93370.1
1665077400,GBPUSD,WIN,10.6709,5602.21,98972.3
1665141300,USDCAD,WIN,11.3111,2431.89,101404
1665146400,USDJPY,WIN,11.3111,1843.71,103248
1665180000,GBPUSD,WIN,11.7998,6537.07,108095
1665191700,USDJPY,LOSS,11.3111,-4026.76,99221.2
1665224700,USDJPY,WIN,11.7998,2336.35,101558
1665423900,GBPUSD,WIN,12.3537,5781.52,113876
1665472200,USDJPY,WIN,12.3537,2903.11,116779
1665498000,GBPUSD,LOSS,13.3462,-4751.25,112028
1665525000,USDCAD,LOSS,12.8032,-4557.94,107470
1665643200,USDJPY,WIN,12.2823,4446.19,111916
1665671400,GBPUSD,WIN,12.7904,7431.24,119347
1665678300,USDJPY,LOSS,13.6397,-4855.74,114492
1665766800,USDJPY,WIN,13.0848,8217.24,122709
1665767700,USDJPY,WIN,13.0848,6241.44,128950
1665767700,USDJPY,WIN,13.0848,7942.46,136893
1665814200,USDCHF,WIN,13.0848,3768.41,140661
1665828900,USDCHF,WIN,15.6449,3551.39,144213
1665840000,USDJPY,LOSS,15.6449,-5569.58,133074
1665985200,USDCAD,LOSS,15.6449,-5569.58,138643
1666071900,USDJPY,WIN,15.2084,1383.96,134457
1666077300,USDCAD,WIN,15.2084,8334.2,145468
1666085700,USDCHF,WIN,15.2084,2676.68,137134
1666092600,USDJPY,WIN,15.2084,4684.19,150153
1666188600,GBPUSD,WIN,17.1603,9386.68,159539
1666236600,USDJPY,WIN,17.1603,5371.17,164910
1666251300,GBPUSD,WIN,18.2331,4065.97,168976
1666265700,USDCAD,LOSS,18.2331,-6490.97,162485
1666288500,USDJPY,LOSS,19.3116,-6874.92,155610
1666373700,USDJPY,LOSS,17.7841,-6331.12,149279
1666632000,USDCAD,LOSS,17.0605,-6073.54,143206
1666779900,GBPUSD,WIN,16.3664,9394.3,152600
1666869900,USDCAD,LOSS,17.44,-6208.65,146391
1667031000,USDCAD,WIN,16.7305,3262.44,149654
1667277300,USDJPY,LOSS,17.1033,-6088.78,143565
1667292900,USDJPY,LOSS,17.1033,-6088.78,137476
1667294100,GBPUSD,LOSS,17.1033,-6088.78,131388
1667322000,USDJPY,LOSS,15.0157,-5345.6,126042
1667422800,USDJPY,WIN,14.4048,8945.38,134987
1667575800,GBPUSD,WIN,15.4271,8099.24,143087
1667581800,USDCAD,WIN,16.3528,7571.33,150658
1667889900,USDJPY,WIN,17.2181,3581.35,154239
1667906400,USDCAD,WIN,17.2181,1101.96,155341
1667910900,USDCAD,WIN,17.2181,568.196,155909
1668009000,GBPUSD,WIN,17.8182,9604.02,165513
1668015000,GBPUSD,WIN,18.9158,9022.85,174536
1668025800,GBPUSD,WIN,19.947,12945.6,195975
1668028200,USDJPY,WIN,18.9158,8493.21,183030
1668094200,GBPUSD,LOSS,22.3972,-7973.39,188002
1668121500,GBPUSD,WIN,21.4859,13342.8,201344
1668173700,USDCHF,WIN,23.0108,13645.4,229049
1668174600,USDJPY,WIN,23.0108,8145.82,237195
1668178500,GBPUSD,WIN,23.0108,14059.6,215404
1668188700,USDCHF,WIN,27.108,10599.2,273383
1668198000,USDCAD,WIN,23.0108,13530.3,250726
1668201600,USDCAD,WIN,23.0108,12057.7,262783
1668526200,GBPUSD,WIN,31.2437,17027.8,290410
1668599100,USDCAD,WIN,33.1898,7102.61,297513
1668697200,USDJPY,WIN,34.0015,14688.6,312202
1668705900,USDCAD,LOSS,34.0015,-12104.5,300097
1668705900,USDCAD,LOSS,35.6802,-12702.1,287395
1669092900,USDJPY,LOSS,32.8451,-11692.9,275702
1669179600,GBPUSD,WIN,31.5088,4726.32,280428
1669344000,USDJPY,LOSS,32.049,-11409.4,269019
1669605600,USDJPY,LOSS,30.745,-10945.2,258074
1669643100,USDJPY,LOSS,29.4941,-10499.9,247574
1669659900,USDCHF,LOSS,29.4941,-10499.9,237074
1669666200,GBPUSD,WIN,28.2942,16156,253230
1669736400,USDJPY,LOSS,28.9406,-10302.8,259626
1669739400,GBPUSD,WIN,28.9406,16698.7,269929
1669773600,USDJPY,LOSS,29.6715,-10563.1,249063
1669828200,USDJPY,WIN,28.4643,16053.9,265117
1669908600,USDJPY,WIN,30.299,18876.3,283993
1669914000,USDJPY,WIN,30.299,17694.6,301688
1670211900,USDCAD,LOSS,34.4786,-12274.4,289413
1670231400,USDJPY,LOSS,34.4786,-12274.4,277139
1670301300,USDJPY,WIN,31.673,19859,296998
1670555700,USDJPY,WIN,33.9426,16326.4,313324
1670555700,GBPUSD,WIN,33.9426,19517,332841
1670599800,USDJPY,LOSS,38.039,-13541.9,319299
1670600400,GBPUSD,WIN,36.4913,1788.08,327765
1670600700,USDJPY,WIN,36.4913,6677.92,325977
1670870400,USDJPY,WIN,37.4589,22100.7,349866
1670981100,USDJPY,LOSS,39.9847,-14234.5,339430
1671009300,USDCAD,WIN,39.9847,3798.54,353665
1671013800,USDCHF,LOSS,39.9847,-14234.5,325195
1671120900,USDCHF,LOSS,37.1652,-13230.8,311965
1671187500,USDCAD,WIN,35.6531,10838.5,322803
1671211500,USDJPY,LOSS,36.8918,-13133.5,309670
1671269100,USDCAD,WIN,36.8918,8226.87,317897
1671527400,USDJPY,WIN,36.331,14932.1,332829
1671556200,USDJPY,WIN,38.0376,20996.7,353825
1671649500,GBPUSD,WIN,40.4372,21472.1,375297
1671876900,USDCHF,WIN,42.8911,7806.19,383104
1672262700,USDJPY,WIN,43.7833,26795.4,409899
1672376700,USDCHF,WIN,46.8456,14522.1,424421
1672395000,USDJPY,WIN,48.5053,29345.7,453767
1672825500,USDCAD,LOSS,50,-18450.7,435316
1672890000,GBPUSD,LOSS,49.7504,-17711.1,417605
1672890600,USDCHF,LOSS,49.7504,-17711.1,399894
1673005800,GBPUSD,WIN,45.7022,23856.5,423750
1673283000,GBPUSD,WIN,48.4286,28185.5,451936
1673340900,GBPUSD,WIN,48.4286,15206.6,467142
1673345400,USDJPY,WIN,50,19600,486742
1673537700,USDCAD,LOSS,50,-19769.7,466973
1673537700,USDJPY,LOSS,50,-19769.7,447203
1673843400,USDJPY,WIN,50,28000,475203
1674039000,USDCAD,WIN,50,4800,480003
1674058500,GBPUSD,WIN,50,29750,509753
1674199200,USDJPY,LOSS,50,-20690.1,489063
1674221700,USDJPY,WIN,50,21150,510213
1674666300,USDJPY,WIN,50,29650,539863
1675179000,USDJPY,LOSS,50,-21894.5,517968
1675180500,USDJPY,LOSS,50,-21894.5,474179
1675182300,USDCHF,LOSS,50,-21894.5,496074
1675225500,GBPUSD,WIN,50,50,474229
1675239000,GBPUSD,LOSS,50,-21018.7,453211
1675246800,GBPUSD,LOSS,50,-19267.2,433943
1675270800,USDJPY,WIN,49.5935,31194.3,465138
1675357500,GBPUSD,WIN,50,25950,491088
1675443600,GBPUSD,WIN,50,27050,518138
1675641600,USDJPY,WIN,50,31650,549788
1675687800,USDJPY,WIN,50,25100,574888
1675704900,USDCAD,WIN,50,30350,605238
1675740600,GBPUSD,LOSS,50,-22291.5,582946
1675740600,USDJPY,LOSS,50,-24509.5,556891
1675760100,USDJPY,LOSS,50,-23295.5,581401
1675761000,GBPUSD,WIN,50,21750,604696
1675799100,GBPUSD,LOSS,50,-22575.7,534316
1675974900,USDJPY,LOSS,50,-21672.6,512643
1676342400,USDJPY,LOSS,50,-20805.7,491837
1676342400,USDJPY,LOSS,50,-20805.7,471032
1676400000,USDJPY,WIN,50,27500,498532
1676513100,USDJPY,LOSS,50,-20241.3,478290
1676536200,USDCHF,WIN,50,12050,490340
1676594400,USDJPY,LOSS,50,-19431.6,470909
1676962500,USDJPY,LOSS,50,-19136.3,451772
1676979000,GBPUSD,LOSS,50,-18370.9,433401
1677061200,USDCHF,WIN,49.5316,4507.37,437909
1677062400,USDCAD,WIN,49.5316,16593.1,454502
1677187800,USDJPY,LOSS,50,-18480.1,399062
1677201300,USDJPY,LOSS,50,-18480.1,436022
1677217500,GBPUSD,LOSS,50,-18480.1,417542
1677319500,GBPUSD,WIN,45.607,3146.89,402209
1677604800,USDJPY,LOSS,45.9667,-16364.1,385844
1677668400,USDJPY,WIN,44.0965,26987.1,412831
1677806700,USDJPY,WIN,47.1807,3868.82,416700
1677880800,USDJPY,WIN,47.6229,26668.8,443369
1678182000,USDJPY,LOSS,50,-18034.8,425334
1678208700,USDJPY,WIN,48.6096,28922.7,454257
1678240200,USDJPY,WIN,50,28750,494207
1678276800,USDCAD,WIN,50,11200,465457
1678349400,USDJPY,LOSS,50,-20068.3,474139
1678361700,USDJPY,WIN,50,33150,507289
1678449000,GBPUSD,WIN,50,28200,535489
1678480800,USDCAD,LOSS,50,-21719.6,513769
1678784700,USDCHF,WIN,50,9500,523269
1678793700,GBPUSD,WIN,50,11350,534619
1678811400,USDJPY,WIN,50,28600,563219
1678876800,USDCAD,LOSS,50,-22828.8,540390
1678902000,GBPUSD,WIN,50,22750,614090
1678902300,USDCAD,WIN,50,25650,591340
1678909200,USDCHF,WIN,50,25300,565690
1679088300,USDJPY,WIN,50,26150,640240
1679600100,USDJPY,WIN,50,25600,665840
1680231900,USDJPY,WIN,50,31050,696890
1680262800,USDJPY,WIN,50,31250,728140
1680603900,USDCHF,WIN,50,900,729040
1680636000,USDCHF,WIN,50,29550,758590
1680855000,USDCAD,LOSS,50,-30643.6,727947
1680922200,USDJPY,LOSS,50,-29417.9,698529
1681305300,USDJPY,LOSS,50,-28241.2,670288
1681465800,USDCHF,WIN,50,2000,672288
1681491600,GBPUSD,WIN,50,6850,679138
1681560000,USDJPY,WIN,50,2050,681188
1681959000,USDCHF,WIN,50,11350,692538
1681959300,USDJPY,WIN,50,14150,706688
1682095800,USDJPY,LOSS,50,-28567.5,649553
1682302200,GBPUSD,LOSS,50,-28567.5,678120
1682500500,USDJPY,WIN,50,20200,669753
1682568300,USDJPY,LOSS,50,-27090.1,642663
1682964600,USDJPY,WIN,50,31550,674213
1683088200,GBPUSD,WIN,50,6700,680913
1683089700,USDJPY,WIN,50,28550,709463
1683133500,USDJPY,WIN,50,23050,763063
1683147600,USDJPY,WIN,50,30550,740013
1683221100,USDJPY,WIN,50,30550,793613
1683308700,USDCAD,WIN,50,19900,813513
1683611400,USDJPY,LOSS,50,-32840.5,780672
1683819000,USDJPY,WIN,50,22250,802922
1684431300,USDJPY,WIN,50,13700,816622
1684488000,USDJPY,LOSS,50,-32964.9,783657
1684750500,GBPUSD,LOSS,50,-31646.3,752011
1684808700,USDJPY,WIN,50,24500,776511
1684903200,GBPUSD,WIN,50,8350,784861
1685096700,USDCAD,WIN,50,2550,787411
1685098200,USDJPY,LOSS,50,-31694.4,755717
1685119500,USDJPY,WIN,50,11850,767567
1685160000,USDCHF,WIN,50,250,767817
1685187600,USDJPY,LOSS,50,-31002.7,736814
1685459100,USDJPY,WIN,50,29500,766314
1685638800,GBPUSD,WIN,50,26850,793164
1685707800,USDJPY,LOSS,50,-32026.6,761137
1685984400,USDJPY,LOSS,50,-30745.5,730392
1686160800,USDJPY,LOSS,50,-29515.7,700876
1686210000,USDJPY,LOSS,50,-28335,672541
1686238200,USDJPY,LOSS,50,-27201.6,645339
1686324600,USDJPY,LOSS,50,-26113.6,619226
1686738600,USDJPY,WIN,50,26550,645776
1686844200,USDJPY,LOSS,50,-26131,619645
1686935700,USDJPY,WIN,50,28250,647895
1687242000,USDJPY,LOSS,50,-26215.8,621679
1687335000,USDJPY,WIN,50,9750,631429
1687338000,GBPUSD,LOSS,50,-25167.2,606262
1687402200,USDJPY,LOSS,50,-24550.5,581711
1687454700,USDJPY,WIN,50,27500,585643
1687489800,USDCHF,LOSS,50,-23568.5,558143
1687541400,USDJPY,WIN,50,31800,617443
1688030700,USDJPY,LOSS,50,-24997.7,592445
1688030700,GBPUSD,LOSS,50,-24997.7,567448
1688089500,USDJPY,LOSS,50,-24997.7,542450
1688119500,GBPUSD,LOSS,50,-200,542250
1688490300,USDJPY,LOSS,50,-21990,520260
1688528100,USDJPY,WIN,50,3000,523260
1688650200,GBPUSD,WIN,50,29050,552310
1689049500,USDJPY,WIN,50,28900,581210
1689131700,USDJPY,WIN,50,29600,610810
1689262500,USDJPY,LOSS,50,-24732.4,586077
1689266400,GBPUSD,WIN,50,29550,615627
1689333600,USDCAD,WIN,50,6400,622027
1689759600,USDJPY,WIN,50,31700,653727
1689774600,USDJPY,WIN,50,24300,678027
1689778500,GBPUSD,WIN,50,28550,706577
1689826500,USDJPY,LOSS,50,-26449.1,680128
1689932400,GBPUSD,WIN,50,6550,686678
1690002000,USDJPY,LOSS,50,-27767.1,658911
1690262100,GBPUSD,LOSS,50,-26656.4,632255
1690967400,USDCAD,WIN,50,9050,641305
1690972800,USDCAD,WIN,50,2750,644055
1691086500,USDJPY,WIN,50,29600,673655
1691559600,USDJPY,WIN,50,1650,675305
1691573400,USDJPY,WIN,50,9150,684455
1691587500,USDJPY,WIN,50,1150,685605
1691681100,USDJPY,LOSS,50,-27724.2,657881
1691710200,USDCAD,LOSS,50,-26615.2,631265
1691753400,USDJPY,WIN,50,17900,649165
1691841600,USDCAD,WIN,50,6500,674365
1691983500,USDJPY,WIN,50,18700,667865
1692122400,GBPUSD,WIN,50,28900,703265
1692372300,USDJPY,LOSS,50,-28430.6,674835
1692722400,USDJPY,LOSS,50,-27293.4,647541
1692862200,USDJPY,LOSS,50,-26201.7,621340
1692935400,USDJPY,WIN,50,32400,653740
1693047900,USDJPY,WIN,50,50,653790
1693436100,USDJPY,LOSS,50,-26451.6,627338
1693477800,GBPUSD,LOSS,50,-26451.6,600887
1693539600,USDJPY,WIN,50,100,600987
1693582200,USDJPY,WIN,50,30650,631637
1693878300,USDJPY,WIN,50,7450,639087
1693886700,USDJPY,WIN,50,1200,640287
1693918200,USDJPY,WIN,50,32900,673187
1693947300,USDJPY,WIN,50,26050,699237
1693989000,USDCHF,WIN,50,2500,701737
1694251500,USDCAD,WIN,50,750,702487
1694590200,USDJPY,WIN,50,8800,711287
1694664900,USDJPY,WIN,50,10500,721787
1694673600,GBPUSD,LOSS,50,-28751.5,693035
1694768100,USDCHF,WIN,50,11650,704685
1694773500,GBPUSD,WIN,50,11950,716635
1694840400,USDJPY,WIN,50,1500,718135
1695213900,USDJPY,LOSS,50,-29025.4,689110
1695438600,USDJPY,LOSS,50,-300,688810
1695456600,USDJPY,LOSS,50,-27864.4,660945
1695708600,USDJPY,WIN,50,14100,675045
1696413600,USDCHF,LOSS,50,-27301.8,647743
1696416900,USDJPY,WIN,50,21450,669193
1696588200,USDJPY,WIN,50,7600,676793
1696652700,USDJPY,WIN,50,25550,702343
1696666200,USDJPY,LOSS,50,-27371.7,674972
1696680300,USDCAD,WIN,50,2050,677022
1696683000,USDCHF,LOSS,50,-27371.7,649650
1696811400,GBPUSD,LOSS,50,-27371.7,622278
1697020200,USDCAD,WIN,50,4850,627128
1697098200,GBPUSD,WIN,50,5100,632228
1697100600,USDJPY,WIN,50,15150,647378
1697109900,USDJPY,WIN,50,7050,654428
1697133900,USDJPY,WIN,50,31000,685428
1697690700,USDJPY,LOSS,50,-27717.1,657711
1697707200,USDJPY,WIN,50,2750,660461
1697760000,USDCHF,WIN,50,26500,686961
1697852400,USDJPY,WIN,50,2100,689061
1697868000,USDJPY,LOSS,50,-27778.4,661283
1698124800,USDJPY,LOSS,50,-26751.3,634531
1698226800,USDJPY,LOSS,50,-25681.3,608850
1698310800,USDJPY,WIN,50,28400,637250
1698315600,USDJPY,WIN,50,1700,638950
1698403800,USDJPY,LOSS,50,-25858,613092
1698488700,GBPUSD,LOSS,50,-24823.7,588268
1698685500,USDJPY,WIN,50,31350,619618
1698764100,USDJPY,WIN,50,17300,667618
1698766800,USDJPY,WIN,50,30700,650318
1698842700,USDJPY,WIN,50,12050,679668
1698904200,USDCHF,LOSS,50,-27486.7,652182
1699025400,USDJPY,WIN,50,31500,683682
1699040400,GBPUSD,WIN,50,28250,711932
1699663500,USDJPY,WIN,50,3150,715082
1700001300,USDJPY,WIN,50,33200,748282
1700161200,USDCAD,WIN,50,29150,777432
1700541300,USDJPY,WIN,50,30650,808082
1700541600,USDJPY,WIN,50,32350,840432
1700591100,USDJPY,LOSS,50,-33917.3,806514
1700709000,USDJPY,LOSS,50,-32560.6,773954
1700800800,USDJPY,WIN,50,18350,792304
1700802300,GBPUSD,LOSS,50,-31258.2,761046
1701134700,USDJPY,WIN,50,33250,794296
1701337500,USDCAD,LOSS,50,-32071.8,762224
1701338400,USDCHF,WIN,50,12100,774324
1701340800,USDCAD,LOSS,50,-32071.8,742252
1701344400,USDJPY,WIN,50,3050,745302
1701521700,USDCAD,WIN,50,3950,749252
1701707100,USDJPY,LOSS,50,-30270.1,718982
1701711300,USDJPY,LOSS,50,-30270.1,688712
1701769500,GBPUSD,WIN,50,9150,697862
1702040700,GBPUSD,LOSS,50,-100,697762
1702050000,USDJPY,WIN,50,22550,720312
1702287600,USDJPY,WIN,50,30250,750562
1702347000,USDJPY,LOSS,50,-30322.5,689917
1702348200,USDJPY,LOSS,50,-30322.5,720239
1702481700,USDJPY,LOSS,50,-27896.7,662020
1702567800,USDJPY,LOSS,50,-26780.8,635239
1702577700,USDCHF,WIN,50,31600,666839
1702582500,GBPUSD,WIN,50,30300,697139
1702635600,USDCHF,WIN,50,7900,705039
1702953300,USDJPY,LOSS,50,-28501.6,676538
1702975200,USDJPY,WIN,50,150,676688
1703004600,USDJPY,LOSS,50,-27367.5,649320
1703173200,USDJPY,WIN,50,7100,656420
1703212500,USDJPY,WIN,50,27100,683520
1703270700,USDJPY,LOSS,50,-27640.8,655880
1703700300,USDJPY,LOSS,50,-26535.2,629344
1704269400,USDCHF,WIN,50,7200,636544
1704277500,USDJPY,WIN,50,31950,668494
1704299100,USDJPY,WIN,50,31550,700044
1704299400,USDJPY,WIN,50,30650,730694
1704333000,USDJPY,LOSS,50,-29527.8,701167
1704443400,USDJPY,WIN,50,30750,731917
1704996600,USDCAD,WIN,50,27700,759617
1705015500,USDJPY,LOSS,50,-29576.7,745340
1705050900,USDCHF,WIN,50,15300,774917
1705054800,USDCHF,LOSS,50,-29576.7,715763
1705394100,USDJPY,LOSS,50,-28930.5,686833
1705401600,USDJPY,WIN,50,32300,719133
1705437900,USDJPY,WIN,50,31600,766483
1705458600,GBPUSD,WIN,50,15750,734883
1705555500,GBPUSD,LOSS,50,-30959.3,735523
1705651200,USDJPY,WIN,50,31800,767323
1705652400,USDJPY,WIN,50,31350,798673
1705983600,USDJPY,LOSS,50,-32246.9,766426
1706016300,USDJPY,LOSS,50,-30957.1,735469
1706106600,USDJPY,WIN,50,30200,765669
1706109900,USDJPY,WIN,50,32250,797919
1706315700,USDJPY,LOSS,50,-32216.8,765703
1706324400,USDJPY,LOSS,50,-32216.8,733486
1706810700,USDJPY,WIN,50,22500,755986
1706898300,USDJPY,WIN,50,28150,784136
1706955900,GBPUSD,WIN,50,10700,794836
1707311100,USDJPY,WIN,50,2900,797736
1707459600,USDJPY,WIN,50,15700,813436
1707471300,USDJPY,WIN,50,1800,815236
1707838500,USDJPY,LOSS,50,-32909.4,782326
1707901800,USDJPY,LOSS,50,-31593.1,750733
1707978900,USDJPY,LOSS,50,-30329.3,720404
1708059300,USDJPY,WIN,50,4200,724604
1708396800,USDJPY,LOSS,50,-29284.2,695320
1708571100,USDJPY,LOSS,50,-28112.8,667207
1708605300,USDJPY,LOSS,50,-28112.8,639094
1708776300,USDJPY,LOSS,50,-25863.8,613231
1708995000,USDJPY,LOSS,50,-24829.2,588401
1709011500,USDJPY,WIN,50,3400,591801
1709622600,USDJPY,WIN,50,5950,597751
1709751000,USDJPY,WIN,50,30650,628401
1709777700,USDJPY,WIN,50,28550,656951
1710257400,USDJPY,WIN,50,32200,689151
1710257400,USDJPY,WIN,50,21450,710601
1710381000,USDJPY,WIN,50,18700,729301
1710434700,USDJPY,WIN,50,20000,749301
1710569400,USDJPY,WIN,50,12150,761451
1710582900,USDJPY,WIN,50,8800,770251
1710591900,USDJPY,WIN,50,200,770451
1710810900,USDJPY,WIN,50,3500,773951
1711435500,USDJPY,LOSS,50,-31258.1,742693
1711457400,USDJPY,LOSS,50,-31258.1,711435
1711497900,USDJPY,LOSS,50,-30007.7,681427
1711791300,USDJPY,LOSS,50,-27557.1,653870
1712054100,USDJPY,LOSS,50,-26454.8,627416
1712103900,USDJPY,LOSS,50,-26454.8,600961
1712625900,USDJPY,WIN,50,2750,603711
1712713500,USDJPY,LOSS,50,-24448.4,579262
1712829900,USDCAD,WIN,50,15900,595162
1712841000,GBPUSD,WIN,50,1100,596262
1712922000,USDJPY,LOSS,50,-24150.5,572112
1712936400,USDJPY,LOSS,50,-23184.5,548927
1713153300,USDJPY,LOSS,50,-22257.1,526670
1713259800,USDJPY,WIN,50,18800,545470
1713286800,USDJPY,WIN,50,7500,552970
1713349800,USDJPY,WIN,50,4450,557420
1713445800,USDJPY,WIN,50,1650,559070
1713501000,USDJPY,LOSS,50,-22662.8,536407
1713868500,USDJPY,WIN,50,2950,539357
1714013400,USDJPY,WIN,50,400,539757
1714025700,USDJPY,WIN,50,23450,563207
1714047300,USDJPY,WIN,50,12500,575707
1714129500,USDJPY,LOSS,50,-23328.3,552379
1714150800,USDJPY,WIN,50,10350,562729
1714174200,USDJPY,WIN,50,32450,595179
1714401900,USDJPY,LOSS,50,-24107.2,571072
1714493100,USDJPY,WIN,50,29600,600672
1714493100,USDJPY,WIN,50,26500,627172
1714556700,GBPUSD,WIN,50,29650,669572
1714557300,USDCAD,WIN,50,12750,639922
1714566900,USDJPY,WIN,50,9400,678972
1715143200,USDJPY,WIN,50,31600,710572
1715228100,USDJPY,WIN,50,12250,722822
1715231700,USDJPY,WIN,50,12800,735622
1715246100,USDJPY,LOSS,50,-28722.9,706899
1715399400,USDJPY,WIN,50,1750,708649
1715649900,USDJPY,WIN,50,2200,710849
1715759400,USDJPY,WIN,50,2750,713599
1715769000,USDJPY,LOSS,50,-28734,684865
1716284100,USDJPY,WIN,50,3600,688465
1716287700,USDJPY,WIN,50,7750,696215
1716436500,USDJPY,WIN,50,7050,703265
1716551100,USDJPY,LOSS,50,-28430.6,674835
1717043400,USDJPY,WIN,50,3150,677985
1717151400,USDJPY,LOSS,50,-27419.4,650565
1717244700,USDJPY,WIN,50,2800,653365
1717580400,USDCAD,LOSS,50,-26434.6,626931
1717747800,GBPUSD,LOSS,50,-25377.2,601553
1718064600,USDJPY,LOSS,50,-24362.1,577191
1718155200,USDJPY,LOSS,50,-23387.6,553804
1718206200,USDJPY,LOSS,50,-22452.1,531351
1718272200,USDCHF,LOSS,50,-21554.1,509797
1718292600,USDJPY,LOSS,50,-21554.1,488243
1718701800,USDJPY,LOSS,50,-19829.7,468414
1718842200,USDJPY,LOSS,50,-19036.5,449377
1719056100,USDJPY,WIN,50,5600,454977
1719401700,USDJPY,LOSS,50,-18499.1,436478
1719405900,USDJPY,LOSS,50,-18499.1,417979
1719419400,USDJPY,WIN,49.8832,26388.2,444367
1719426600,USDJPY,WIN,47.769,19728.6,464096
1719578700,USDJPY,LOSS,50,-18863.8,445232
1719856500,USDJPY,WIN,50,14950,460182
1719938400,USDJPY,LOSS,50,-18707.3,441475
1719974100,USDJPY,LOSS,50,-18707.3,422767
1720026000,USDJPY,LOSS,48.3163,-17200.6,405567
1720026000,USDJPY,LOSS,48.3163,-17200.6,388366
1720089600,USDCHF,LOSS,44.3847,-15801,372565
1720156800,USDJPY,WIN,42.5789,4044.99,376610
1720193700,USDJPY,LOSS,43.0412,-15322.7,361287
1720269300,USDJPY,WIN,41.29,5037.38,366325
1720587600,USDJPY,WIN,41.8657,2595.67,368921
1720701600,USDJPY,LOSS,42.1623,-15009.8,353911
1720711800,USDJPY,LOSS,42.1623,-15009.8,338901
1720870200,USDJPY,WIN,38.7315,3950.62,342852
1721832300,USDJPY,WIN,39.183,23470.6,366322
1722430800,USDJPY,WIN,41.8654,26668.3,392990
1722445200,USDJPY,WIN,44.9132,23399.8,416390
1722589200,USDJPY,WIN,47.5875,28362.1,444752
1723478700,USDJPY,WIN,50,29350,474102
1723479000,USDJPY,WIN,50,30850,504952
1723487100,USDJPY,LOSS,50,-20498.1,484454
1723814700,USDJPY,LOSS,50,-19678.2,464776
1723814700,USDJPY,LOSS,50,-19678.2,445098
1724199900,USDJPY,WIN,50,31650,476748
1724256000,USDJPY,LOSS,50,-19369.9,457378
1724274900,USDJPY,WIN,50,30950,488328
1724447100,USDJPY,WIN,50,26300,514628
1724830500,USDJPY,LOSS,50,-20885.1,493743
1725010500,GBPUSD,LOSS,50,-20049.7,473693
1725099600,GBPUSD,WIN,50,15450,489143
1725346200,USDJPY,LOSS,50,-19865.7,469277
1725381300,USDJPY,WIN,50,28600,497877
1725469200,USDJPY,WIN,50,30100,527977
1725469200,USDJPY,WIN,50,31450,559427
1725493500,USDJPY,WIN,50,27400,586827
1725549600,USDJPY,WIN,50,31100,617927
1726029000,USDJPY,WIN,50,30500,648427
1726616100,USDJPY,WIN,50,28550,676977
1727185800,USDJPY,LOSS,50,-27379.1,649598
1727371500,USDJPY,WIN,50,21600,671198
1727847000,USDJPY,WIN,50,17900,689098
1727918700,USDJPY,WIN,50,28150,717248
1728056100,USDJPY,LOSS,50,-28989.9,688258
1728121800,USDCHF,LOSS,50,-27830.3,660428
1728319500,USDJPY,LOSS,50,-26717.1,633711
1728649800,USDCHF,WIN,50,9600,643311
1728724800,USDJPY,LOSS,50,-26032.4,617279
1729242900,USDJPY,WIN,50,23000,640279
1729338000,USDJPY,WIN,50,4200,644479
1729655400,USDJPY,LOSS,50,-26079.1,618399
1729686600,USDJPY,WIN,50,30600,648999
1729695300,USDJPY,WIN,50,30300,679299
1729718400,USDJPY,LOSS,50,-27472,651827
1730073600,USDJPY,WIN,50,30350,682177
1730281200,USDCHF,LOSS,50,-27587.1,654590
1730462400,GBPUSD,LOSS,50,-26483.6,628107
1730678400,USDJPY,LOSS,50,-25424.3,602682
1730774100,USDJPY,LOSS,50,-24407.3,578275
1730837400,USDJPY,WIN,50,23450,578294
1730866200,GBPUSD,LOSS,50,-23431,554844
1730966100,USDJPY,WIN,50,14550,592844
1731080100,USDJPY,LOSS,50,-24013.8,568830
1731436800,USDJPY,WIN,50,31500,600330
1731484800,USDJPY,WIN,50,28500,628830
1731511800,USDJPY,LOSS,50,-25453.2,579064
1731512400,USDJPY,LOSS,50,-24313.2,604517
1731582600,GBPUSD,WIN,50,6150,585214
1731622200,USDJPY,WIN,50,29450,614664
1731692100,USDJPY,WIN,50,28000,642664
1732096800,USDCAD,WIN,50,10600,653264
1732122300,USDJPY,LOSS,50,-26430.6,626833
1732122300,USDJPY,LOSS,50,-26430.6,600403
1732186800,USDJPY,WIN,50,32400,632803
1732630500,USDJPY,WIN,50,31450,664253
1732787700,GBPUSD,WIN,50,13100,677353
1732794000,USDCAD,WIN,50,2150,679503
1732872300,USDJPY,WIN,50,27600,707103
1733163300,USDJPY,WIN,50,19700,726803
1733333100,USDJPY,LOSS,50,-29372.1,697431
1733764200,USDJPY,WIN,50,31900,729331
1733793900,USDJPY,WIN,50,28800,758131
1733824800,USDJPY,WIN,50,30800,788931
1733999100,USDCAD,LOSS,50,-31857.2,757073
1734003300,USDJPY,WIN,50,8350,765423
1734043800,USDCHF,WIN,50,29350,794773
1734060300,USDCAD,WIN,50,27600,822373
1734171900,USDJPY,WIN,50,2750,825123
1734175800,GBPUSD,WIN,50,3950,829073
1734369300,USDJPY,WIN,50,31000,860073
1734534000,USDJPY,LOSS,50,-34702.9,825371
1735031400,USDJPY,LOSS,50,-33314.8,792056
1735272600,USDJPY,LOSS,50,-31982.2,760073
1735272900,USDJPY,LOSS,50,-31982.2,728091
1736170500,USDCAD,WIN,50,31000,759091
1736184900,USDCAD,LOSS,50,-30663.7,728428
1736335500,USDCHF,WIN,50,6800,735228
1736399400,USDJPY,LOSS,50,-29709.1,706069
1736412000,GBPUSD,WIN,50,550,735778
1736474700,USDJPY,LOSS,50,-28542.7,677526
1736589900,USDCHF,WIN,50,6950,684476
1736797200,GBPUSD,LOSS,50,-27679,656797
1736925000,USDJPY,LOSS,50,-26571.9,630225
1737411000,GBPUSD,WIN,50,27100,657325
1737524400,USDJPY,LOSS,50,-26593,630732
1737713700,USDJPY,WIN,50,15200,620403
1737724500,USDCAD,LOSS,50,-25529.3,605203
1738252500,USDJPY,WIN,50,30400,650803
1738307700,USDJPY,LOSS,50,-26332.1,624470
1738545000,USDJPY,WIN,50,28350,652820
1738664100,USDJPY,WIN,50,28350,681170
1738684200,USDCAD,WIN,50,30150,684908
1738688400,USDJPY,LOSS,50,-26412.8,654758
1738953300,USDJPY,WIN,50,27450,712358
1739006100,USDCHF,WIN,50,10850,723208
1739146500,USDCAD,LOSS,50,-27696.3,695511
1739161800,USDJPY,LOSS,50,-28794.3,666717
1739325900,USDJPY,WIN,50,31000,697717
1739374500,USDJPY,LOSS,50,-28208.7,669508
1739435400,USDJPY,LOSS,50,-27080.3,650378
1739437800,USDJPY,WIN,50,7950,677458
1739467200,USDJPY,WIN,50,18100,668478
1739467200,USDCAD,WIN,50,30150,698628
1739766900,USDJPY,WIN,50,30350,728978
1739849700,USDJPY,LOSS,50,-29459.1,657151
1739852400,USDJPY,WIN,50,16550,745528
1739853300,USDJPY,LOSS,50,-29459.1,686610
1739855100,USDJPY,LOSS,50,-29459.1,716069
1739952600,USDCAD,LOSS,50,-26586,630565
1740065400,USDJPY,WIN,50,25900,656465
1740448800,USDJPY,LOSS,50,-26558.6,629906
1740601500,USDJPY,LOSS,50,-25496.2,604410
1741087500,USDJPY,WIN,50,28250,632660
1741274400,USDJPY,WIN,50,28850,661510
1741344600,USDJPY,WIN,50,32350,693860
1741373400,USDJPY,WIN,50,26350,720210
1741628400,USDJPY,WIN,50,27550,747760
1741678800,USDJPY,LOSS,50,-29108.4,718651
1741729200,USDCAD,LOSS,50,-29046.1,689605
1741793700,USDJPY,WIN,50,7050,696655
1741939800,GBPUSD,LOSS,50,-28166.2,668489
1742419200,USDJPY,LOSS,50,-27039.6,641450
1742962800,USDJPY,LOSS,50,-25958,615492
1743065400,GBPUSD,WIN,50,7450,622942
1743513000,USDJPY,LOSS,50,-25217.7,597724
1743615600,USDJPY,LOSS,50,-24209,573515
1743636300,USDCAD,LOSS,50,-23240.6,550274
1743694500,USDCAD,WIN,50,27250,577524
1743781200,USDCAD,WIN,50,12100,589624
1744044300,GBPUSD,WIN,50,28900,618524
1744045800,USDJPY,WIN,50,27650,646174
1744090200,USDJPY,LOSS,50,-26147,620027
1744147800,GBPUSD,LOSS,50,-25101.1,594926
1744384800,USDCAD,WIN,50,27500,622426
1744394700,GBPUSD,LOSS,50,-24097.1,598329
1744802700,USDJPY,LOSS,50,-24233.2,574096
1744837200,USDJPY,WIN,50,13150,619396
1744840800,USDJPY,WIN,50,32150,606246
1744840800,USDJPY,WIN,50,18750,638146
1745194200,USDJPY,WIN,50,33150,671296
1745244300,USDJPY,LOSS,50,-27151.8,644144
1745338800,USDJPY,LOSS,50,-26065.8,618078
1745367900,USDJPY,WIN,50,26800,644878
1746066600,USDJPY,WIN,50,27300,672178
1746118800,USDJPY,WIN,50,27100,699278
1746513000,USDJPY,WIN,50,5700,704978
1746524400,USDJPY,LOSS,50,-28271.1,676707
1746702600,USDJPY,WIN,50,31600,708307
1747056000,USDJPY,WIN,50,29050,737357
1747328700,USDJPY,WIN,50,17800,755157
1747612800,USDJPY,LOSS,50,-30506.3,724651
1747711200,USDJPY,LOSS,50,-29286,695365
1747756800,USDJPY,LOSS,50,-28114.6,667250
1747875900,USDJPY,LOSS,50,-26990,613270
1747876500,USDJPY,LOSS,50,-26990,640260
1748077500,USDCHF,WIN,50,10150,623420
1748091600,USDJPY,WIN,50,5050,628470
1748572500,USDJPY,WIN,50,28100,656570
1748968200,USDJPY,LOSS,50,-26562.8,630008
1748970000,USDJPY,WIN,50,32350,662358
1749226800,USDJPY,WIN,50,22000,684358
1749283800,GBPUSD,WIN,50,7400,691758
1749445500,USDJPY,LOSS,50,-27674.3,664083
1749655800,USDJPY,LOSS,50,-26863.3,637220
1749693600,GBPUSD,WIN,50,28400,673970
1749719400,USDCAD,WIN,50,8350,645570
1750182300,USDJPY,WIN,50,29450,703420
1750728000,GBPUSD,WIN,50,28100,731520
1750784700,USDJPY,WIN,50,31150,762670
1750785600,GBPUSD,WIN,50,28600,791270
1750827000,USDJPY,LOSS,50,-29560.8,761709
1751296500,USDJPY,LOSS,50,-30768.4,730941
1751338800,USDJPY,WIN,50,30000,760941
1751367600,USDJPY,WIN,50,30650,791591
1751556900,USDJPY,LOSS,50,-31963.6,759627
1751598900,USDJPY,LOSS,50,-30685.1,728942
1751904600,USDJPY,WIN,50,31600,760542
1751980500,USDJPY,LOSS,50,-30721.7,729820
1752253800,USDJPY,WIN,50,28300,758120
1752571800,USDJPY,WIN,50,14450,772570
1752666000,USDJPY,WIN,50,3050,775620
1752698700,USDJPY,WIN,50,17950,793570
1752844200,USDJPY,LOSS,50,-32042.8,761528
1752855600,USDJPY,LOSS,50,-32042.8,729485
1752914100,USDJPY,LOSS,50,-30761.1,698724
1753122000,USDJPY,WIN,50,31300,730024
1753199400,USDJPY,WIN,50,31150,761174
1753784700,USDJPY,WIN,50,18300,779474
1753794300,USDJPY,WIN,50,1600,781074
1754045700,USDJPY,WIN,50,15900,796974
1754055000,USDJPY,WIN,50,4300,801274
1754362800,USDJPY,WIN,50,25150,826424
1754988000,USDJPY,WIN,50,9500,835924
1755005700,USDJPY,WIN,50,6800,842724
1755012600,USDJPY,LOSS,50,-33736.9,808987
1755076200,USDCHF,WIN,50,15450,824437
1755076200,GBPUSD,WIN,50,19050,843487
1755185400,USDJPY,LOSS,50,-34039.5,809447
1755185400,USDJPY,LOSS,50,-34039.5,775408
1755577800,USDJPY,WIN,50,31850,807258
1755767100,USDJPY,WIN,50,13750,821008
1755796800,USDJPY,WIN,50,31100,852108
1755866400,USDJPY,WIN,50,1350,853458
1755882000,USDJPY,LOSS,50,-34384.3,819073
1756088700,USDJPY,LOSS,50,-33062.9,786011
1756428600,USDJPY,LOSS,50,-31740.4,754270
1756490400,USDJPY,LOSS,50,-30470.8,723799
1756826100,GBPUSD,WIN,50,28700,752499
1756832700,USDJPY,LOSS,50,-29252,723247
1756885500,GBPUSD,LOSS,50,-29252,693995
1756894800,USDJPY,WIN,50,32100,726095
1757044200,USDJPY,LOSS,50,-29343.8,698252
1757049000,GBPUSD,WIN,50,1500,727595
1757404800,USDJPY,WIN,50,30250,728502
1757578200,USDCHF,WIN,50,5300,733802
1757578200,USDJPY,WIN,50,1550,735352
1757610000,USDJPY,LOSS,50,-29714.1,705637
1758104400,USDCAD,LOSS,50,-28525.5,677112
1758264300,USDJPY,LOSS,50,-27384.5,649727
1758616800,USDJPY,WIN,50,1600,651327
1758725700,USDJPY,WIN,50,31450,682777
1758729000,USDJPY,WIN,50,32050,714827
1758800700,USDJPY,WIN,50,6000,720827
1758804900,USDJPY,WIN,50,1800,722627
1758815400,USDJPY,WIN,50,30400,753027
1758819000,USDJPY,WIN,50,32750,785777
1758827700,USDJPY,WIN,50,31400,817177
1759189500,USDJPY,WIN,50,17900,835077
1759288800,USDJPY,LOSS,50,-33703.1,801374
1759331700,USDJPY,WIN,50,30950,832324
1759392000,USDCHF,WIN,50,7150,839474
1759708800,USDJPY,WIN,50,31950,871424
1759837500,USDJPY,WIN,50,31700,903124
1759865100,USDJPY,WIN,50,30350,933474
1759866000,USDJPY,WIN,50,32100,965574
1759872000,USDJPY,WIN,50,30300,995874
1760011200,USDJPY,LOSS,50,-40135,955739
1760187000,GBPUSD,LOSS,50,-38529.6,917210
1760501700,USDJPY,WIN,50,30050,947260
1761066000,USDJPY,LOSS,50,-38190.4,909069
1761133200,USDJPY,WIN,50,4850,913919
1761193500,USDJPY,WIN,50,30300,944219
1761274800,USDJPY,WIN,50,14800,959019
1761282300,USDJPY,WIN,50,600,959619
1761319800,USDJPY,LOSS,50,-38684.8,920935
1761366600,GBPUSD,LOSS,50,-38684.8,882250
1761396600,USDJPY,LOSS,50,-50,882200
1761619500,USDJPY,LOSS,50,-35588,846612
1761840000,USDJPY,WIN,50,30000,876612
1761968100,GBPUSD,WIN,50,13450,890062
1762215900,USDJPY,WIN,50,3250,893312
1762242600,USDJPY,LOSS,50,-35902.5,857409
1762421700,USDJPY,WIN,50,5800,863209
1762456500,USDJPY,WIN,50,28650,921509
1762459500,GBPUSD,WIN,50,29650,892859
1762598100,GBPUSD,WIN,50,3200,924709
1763431500,USDJPY,WIN,50,30950,955659
1763463600,USDJPY,WIN,50,1950,957609
1763545500,USDJPY,WIN,50,18800,976409
1763557200,USDJPY,WIN,50,31550,1.00796e+06
1763580000,USDJPY,WIN,50,30800,1.03876e+06
1763595900,USDJPY,WIN,50,30850,1.06961e+06
1763610600,USDJPY,WIN,50,30250,1.09986e+06
1763808900,USDJPY,WIN,50,11850,1.11171e+06
1764211800,USDJPY,LOSS,50,-44768.4,1.06694e+06
1764212700,GBPUSD,WIN,50,28550,1.09549e+06
1764600300,USDJPY,WIN,50,30150,1.12564e+06
1764848700,USDJPY,LOSS,50,-45325.6,1.08032e+06
1765009200,USDJPY,WIN,50,4600,1.08492e+06
1765015200,USDJPY,WIN,50,3300,1.08822e+06
1765212600,USDJPY,WIN,50,32250,1.12047e+06
1765299600,USDJPY,WIN,50,30500,1.15097e+06
1765355400,USDJPY,WIN,50,26600,1.17757e+06
1765394100,USDJPY,LOSS,50,-47402.6,1.13016e+06
1765467000,USDJPY,WIN,50,26650,1.15681e+06
1765773600,USDJPY,LOSS,50,-46572.5,1.11024e+06
1765861800,USDJPY,WIN,50,8650,1.11889e+06
1766416200,USDJPY,LOSS,50,-45055.6,1.07383e+06
1766796300,USDJPY,WIN,50,10000,1.08383e+06
1767115200,USDJPY,LOSS,50,-43653.4,1.04018e+06
1767115500,USDJPY,LOSS,50,-43653.4,996528
1767681000,USDJPY,WIN,50,5350,1.00188e+06
1767874200,USDJPY,WIN,50,6350,1.00823e+06
1768041600,USDJPY,LOSS,50,-40629.1,967599
1768041900,USDCAD,WIN,50,10350,937320
1768212600,GBPUSD,LOSS,50,-40629.1,926970
1768278300,USDJPY,WIN,50,29300,966620
1768464600,USDJPY,WIN,50,14800,981420
1768470600,USDJPY,LOSS,50,-38964.8,942455
1768640700,USDJPY,LOSS,50,-37998.2,904457
1769168700,GBPUSD,WIN,50,6750,911207
1769385600,GBPUSD,WIN,50,29900,941107
1769439900,USDJPY,LOSS,50,-37944.3,903162
1769528700,USDJPY,WIN,50,31350,934512
1769553900,USDJPY,WIN,50,31300,965812
1769651700,USDCHF,LOSS,50,-38932.5,926880
1769791800,USDJPY,WIN,50,29300,956180
1770305700,USDJPY,LOSS,50,-38547.2,917633
1770462300,USDCAD,LOSS,50,-37005.3,880627
1770652800,USDJPY,WIN,50,32400,913027
1770836100,USDJPY,WIN,50,23250,936277
1770996600,USDJPY,LOSS,50,-37751.1,898526
1771472100,USDJPY,WIN,50,29150,927676
1771811700,GBPUSD,WIN,50,16750,944426
1771913100,USDJPY,LOSS,50,-38077.1,906349
1771994100,USDJPY,LOSS,50,-36554,869795
1772530200,USDJPY,LOSS,50,-35091.8,834703
1772583000,USDJPY,WIN,50,18850,853553
1772769600,USDCAD,LOSS,50,-34442.1,819111
1772811000,USDJPY,LOSS,50,-33064.5,786047
1773014400,GBPUSD,LOSS,50,-31741.9,754305
1773018600,USDJPY,WIN,50,30000,784305
1773094500,GBPUSD,WIN,50,29450,813755
1773182100,GBPUSD,LOSS,50,-32850.2,780905
1773281400,USDJPY,WIN,50,23150,804055
1773317400,USDJPY,WIN,50,7100,811155
1773325800,USDJPY,LOSS,50,-32462.2,778693
1773396300,GBPUSD,WIN,50,28650,818993
1773401400,USDJPY,WIN,50,11650,790343
1773655800,USDJPY,LOSS,50,-33059.7,785933
1773813300,USDJPY,WIN,50,6750,792683
1773819600,USDJPY,WIN,50,1500,794183
1773839100,USDJPY,WIN,50,950,795133
1773875400,GBPUSD,WIN,50,28050,823183
1773917100,USDJPY,WIN,50,15600,838783
1774090800,GBPUSD,WIN,50,1700,840483
1774090800,USDJPY,WIN,50,9150,849633
1774423800,GBPUSD,LOSS,50,-34285.3,815348
1774493100,USDJPY,LOSS,50,-32913.9,782434
1774531200,USDJPY,WIN,50,11400,793834
1774686300,USDJPY,WIN,50,13600,837034
1774832700,USDJPY,WIN,50,29600,823434
1774928400,USDJPY,WIN,50,12350,849384
1774953300,GBPUSD,WIN,50,6650,856034
1775065800,GBPUSD,WIN,50,25100,881134
1775188500,USDJPY,LOSS,50,-35545.3,845588
1775684700,USDJPY,LOSS,50,-34123.5,811465
1775883300,USDJPY,LOSS,50,-32758.6,778706
1776042000,USDJPY,WIN,50,29800,808506
1776465300,GBPUSD,LOSS,50,-32640.2,775866
1776504900,USDCAD,LOSS,50,-32640.2,743226
1776834000,USDJPY,LOSS,50,-30029,713197
1776935700,USDJPY,WIN,50,12150,725347
1776994200,USDJPY,WIN,50,7850,733197
1777002000,USDJPY,LOSS,50,-29313.9,703883
1777116000,USDJPY,LOSS,50,-28455.3,675428
1777488600,USDJPY,WIN,50,31300,706728
1777540200,USDJPY,WIN,50,31150,737878
1777546500,USDJPY,LOSS,50,-28569.1,709308
1777993200,USDJPY,WIN,50,14650,723958
1778052300,USDJPY,LOSS,50,-29258.3,694700
1778094000,USDJPY,LOSS,50,-28088,666612
1778577600,USDJPY,WIN,50,4800,671412
1778673600,USDJPY,LOSS,50,-27156.5,644256
1778777100,USDJPY,LOSS,50,-26070.2,618185
1778845200,USDJPY,WIN,50,12300,630485
1778925600,GBPUSD,WIN,50,14950,645435
1778928000,USDJPY,WIN,50,2750,648185
1779147900,USDJPY,LOSS,50,-26227.4,621958
1779300900,GBPUSD,LOSS,50,-25178.3,596780
1779433200,USDJPY,WIN,50,4000,600780
1779501600,USDJPY,WIN,50,400,601180
1779876900,USDJPY,WIN,50,1900,603080
1779955200,USDJPY,WIN,50,7300,610380
1780104900,USDJPY,LOSS,50,-24715.2,585664
1780128600,USDJPY,WIN,50,3550,589214
1780463400,USDJPY,WIN,50,2750,591964
1780745700,USDJPY,LOSS,50,-23978.6,567986
1780984800,USDJPY,LOSS,50,-23019.4,544966
1781091900,USDJPY,WIN,50,3350,548316
1781209800,USDJPY,LOSS,50,-22232.7,526084
1781216100,USDCAD,LOSS,50,-22232.7,503851
1781685000,USDJPY,WIN,50,2000,505851
1781692500,USDJPY,LOSS,50,-20454,485397
1781733900,USDJPY,LOSS,50,-19715.9,445965
1781734800,USDJPY,LOSS,50,-19715.9,465681
1781808900,USDJPY,WIN,50,31850,477815
1782147900,USDJPY,LOSS,50,-19412.6,458403
1782147900,USDJPY,LOSS,50,-19412.6,438990
1782441900,USDJPY,WIN,50,250,439240
1782812400,USDJPY,WIN,50,200,439440
1782826500,USDJPY,LOSS,50,-17869.6,421570
1782864900,USDJPY,WIN,50,7850,429420
1782881400,USDJPY,WIN,50,2500,431920
1782901800,USDJPY,WIN,48.1795,3131.67,435052
1782924300,USDJPY,LOSS,49.7202,-17700.4,399779
1782951000,USDJPY,LOSS,49.3623,-17573,417479
1783006200,USDJPY,WIN,45.689,25814.3,425593
1783047300,USDJPY,LOSS,48.6392,-17315.6,356331
1783048200,USDJPY,LOSS,48.6392,-17315.6,408277
1783069500,USDCHF,LOSS,48.6392,-17315.6,390962
1783069500,GBPUSD,LOSS,48.6392,-17315.6,373646
1783581600,USDJPY,WIN,40.7235,6230.7,362562
1783997400,USDJPY,LOSS,41.4356,-124.307,362437
1784018400,USDJPY,WIN,41.4356,12762.2,375199
1784027100,USDJPY,WIN,41.4356,3687.77,378887
1784150100,USDJPY,LOSS,43.3014,-15415.3,363472
1784279400,USDJPY,WIN,41.5396,8806.4,372278
1784287500,USDJPY,LOSS,41.5396,-14788.1,357490
1784626200,USDJPY,WIN,40.856,980.544,358471
1784696100,USDJPY,WIN,40.9681,4301.65,362772
1784723100,USDJPY,WIN,40.9681,7456.19,370229
1784788800,USDJPY,WIN,42.3118,2411.77,372640
1784868300,USDJPY,WIN,42.5875,18014.5,390655
1784877900,USDJPY,WIN,42.5875,12265.2,402920
1784937000,USDJPY,LOSS,44.6463,-15894.1,387026
1785494100,USDCHF,WIN,44.2315,13136.8,400163
1785495000,GBPUSD,WIN,44.2315,17913.8,418076
1785521100,USDJPY,WIN,47.7802,21262.2,439339
1785757200,USDJPY,LOSS,50,-17873.5,421465
1785777300,USDJPY,WIN,48.1674,29815.6,451281
1785805200,USDJPY,LOSS,48.1674,-17147.6,434133
1786042800,USDJPY,WIN,49.6152,32101,466234
1786043700,USDJPY,WIN,49.6152,30860.7,497095
1786392300,USDJPY,WIN,50,22350,519445
1786442400,USDJPY,WIN,50,10750,530195
1786446000,USDJPY,WIN,50,19850,550045
1786507800,USDJPY,LOSS,50,-22301.8,527743
1787040300,USDCHF,WIN,50,650,528393
1787103300,USDJPY,LOSS,50,-21435.7,506957
1787153700,USDJPY,WIN,50,31650,538607
1787400000,USDJPY,WIN,50,2000,540607
